id,authors,editorial,title
ijCSCL_8_2_1,Richard Alterman · Johann Ari Larusson,,
ijCSCL_7_3_5,Mar Pérez-Sanagustín & Patricia Santos & Davinia Hernández-Leo & Josep Blat,,4SPPIces: A case study of factors in a scripted collaborative-learning blended course across spatial locations
manifest:10.1007/s11412-022-09370-0,,,A classification of Challenges encountered in Complex Teamwork Settings
ijCSCL_3_1_3,Bernhard Nett,,A Community of Practice among tutors enabling student participation in a seminar preparation
ijCSCL_4_1_3,Deborah A. Fields & Yasmin B. Kafai,,A connective ethnography of peer knowledge sharing and diffusion in a tween virtual world
ijCSCL_10_4_0,Gerry Stahl,editorial,A decade of CSCL
ijCSCL_1_1_6,Rupert Wegerif,,A dialogic understanding of the relationship between CSCL and teaching thinking skills
ijCSCL_2_2_0,Gerry Stahl & Daniel D. Suthers & Friedrich Hesse,editorial,A double issue for CSCL 2007
ijCSCL_5_1_1,Daniel D. Suthers & Nathan Dwyer & Richard Medina & Ravi Vatrapu,,"A framework for conceptualizing, representing, and analyzing distributed interaction"
ijCSCL_10_3_1,Michael Hammond,,A Habermasian perspective on joint meaning making online: What does it offer and what are the difficulties?
manifest:10.1007/s11412-019-09308-z,,,A handheld classroom dashboard: Teachers’ perspectives on the use of real-time collaborative learning analytics
ijCSCL_4_2_5,Kai Hakkarainen,,A knowledge-practice perspective on technology-mediated learning
ijCSCL_7_4_5,Péricles Sobreira & Pierre Tchounikine,,A model for flexibly editing CSCL scripts
manifest:10.1007/s11412-017-9250-1,,,A more reflective form of joint problem solving
ijCSCL_6_2_5,Michael A. Evans & Eliot Feenstra & Emily Ryon & David McNeill,,"A multimodal approach to coding discourse: Collaboration, distributed cognition, and geometric reasoning"
ijCSCL_5_2_0,Gerry Stahl & Friedrich Hesse,editorial,A prism of CSCL research
manifest:10.1007/s11412-025-09458-3,,,A quarter century of advances in collaboration sensing: a comprehensive review of high-frequency metrics and their connection to collaborative constructs from 2000 to 2025
ijCSCL_2_1_3,Anne Meier & Hans Spada & Nikol Rummel,,A rating scheme for assessing the quality of computer-supported collaboration processes
ijCSCL_1_1_2,Chris Jones & Lone Dirckinck<Holmfeld & Berner Lindstro¨m,,"A relational, indirect, meso-level approach to CSCL design in the next decade"
manifest:10.1007/s11412-020-09336-0,,,A review of the International Handbook of Computer-Supported Collaborative Learning 2021
ijCSCL_3_2_1,Ulrike Cress & Joachim Kimmerle,,A systemic and cognitive view on collaborative knowledge building with wikis
manifest:10.1007/s11412-025-09464-5,,,A temporal network approach to reveal the longitudinal dynamics of CSCL group regulation and productive collaboration
manifest:10.1007/s11412-021-09360-8,,,"A theory-driven reflection on context-aware support for collaborative discussions in light of analytics, affordances, and platforms"
ijCSCL_4_3_3,Jacques Lonchamp,,A three-level analysis of collaborative learning in dual-interaction spaces
manifest:10.1007/s11412-025-09451-w,,,Accomplishing collaboration at scale: How professionals jointly frame problems on Stack Overflow
manifest:10.1007/s11412-025-09446-7,,,Activity-based collaborative virtual reality: Conceptualising immersive virtual reality for collaborative learning
manifest:10.1007/s11412-022-09363-z,,,Adaptable scaffolding of mathematical argumentation skills: The role of self-regulation when scaffolded with CSCL scripts and heuristic worked examples
manifest:10.1007/s11412-017-9254-x,,,Adaptable scripting to foster regulation processes and skills in computer-supported collaborative learning
manifest:10.1007/s11412-025-09463-6,,,Advancing collaborative discourse through knowledge synthesis
ijCSCL_10_4_1,Bodong Chen1 & Marlene Scardamalia2 & Carl Bereiter2,,Advancing knowledge‐building discourse through judgments of promising ideas
ijCSCL_8_3_3,Meng Yew Tee & Shuh Shing Lee,,Advancing understanding using Nonaka’s model of knowledge creation and problem-based learning
manifest:10.1007/s11412-020-09324-4,,,Advocating for group interaction in the age of COVID-19
ijCSCL_4_2_2,Nina Bonderup Dohn,,Affordances revisited: Articulating a Merleau-Pontian view
manifest:10.1007/s11412-021-09341-x,,,Affording embodied cognition through touchscreen and above-the-surface gestures during collaborative tabletop science learning
manifest:10.1007/s11412-025-09456-5,,,Age-related differences in explanatory activities during collaborative learning with concept maps: experimental investigation using epistemic network analysis
manifest:10.1007/s11412-021-09353-7,,,Agency to transform: how did a grade 5 community co-configure dynamic knowledge building practices in a yearlong science inquiry?
ijCSCL_6_3_3,Hao-Chuan Wang & Carolyn P. Rosé & Chun-Yen Chang,,Agent-based dynamic support for learning from collaborative brainstorming in scientific inquiry
manifest:10.1007/s11412-017-9258-6,,,"All in good time: knowledge introduction, restructuring, and development of shared opinions as different stages in collaborative writing"
ijCSCL_3_4_4,Fengfeng Ke,,Alternative goal structures for computer game-based learning
ijCSCL_10_4_4,Matthew Berland1 & Don Davis2 & Carmen Petrick Smith3,,AMOEBA: Designing for collaboration in computer science classrooms through live learning analytics
manifest:10.1007/s11412-023-09387-z,,,An artificial intelligence-driven learning analytics method to examine the collaborative problem-solving process from the complex adaptive systems perspective
manifest:10.1007/s11412-023-09386-0,,,"An automated group learning engagement analysis and feedback approach to promoting collaborative knowledge building, group performance, and socially shared regulation in CSCL"
ijCSCL_9_3_3,Heisawn Jeong & Cindy E. Hmelo-Silver & Yawen Yu,,An examination of CSCL methodological practices and the influence of theoretical frameworks 2005–2009
ijCSCL_6_2_3,Robert L. Jorczak,,An information processing perspective on divergence and convergence in collaborative learning Robert L. Jorczak
ijCSCL_7_2_2,Jacques Lonchamp,,An instrumental perspective on CSCL systems
ijCSCL_10_2_4,Sebastien Cuendet & Jessica Dehler-Zufferey & Giulia Ortoleva & Pierre Dillenbourg,,An integrated way of using a tangible user interface in a classroom
ijCSCL_7_3_0,Gerry Stahl & Nancy Law & Friedrich Hesse,editorial,An international research community
ijCSCL_4_4_4,Seiji Isotani & Akiko Inaba & Mitsuru Ikeda & Riichiro Mizoguchi,,An ontology engineering approach to the realization of theory-driven group formation
ijCSCL_3_3_1,Carolyn Rosé & Yi-Chia Wang & Yue Cui & Jaime Arguello & Karsten Stegmann & Armin Weinberger & Frank Fischer,,Analyzing collaborative learning processes automatically: Exploiting the advances of computational linguistics in
ijCSCL_8_1_0,Diler Oner,,Analyzing group coordination when solving geometry problems with dynamic geometry software
ijCSCL_9_4_0,Gerry Stahl & Nancy Law & Ulrike Cress & Sten Ludvigsen,editorial,Analyzing roles of individuals in small-group collaboration processes
ijCSCL_6_3_6,Alyssa Friend Wise & Ming Ming Chiu,,Analyzing temporal patterns of knowledge construction in a role-based online discussion
ijCSCL_9_1_0,Gerry Stahl & Ulrike Cress & Nancy Law & Sten Ludvigsen,editorial,Analyzing the multidimensional construction of knowledge in diverse contexts
ijCSCL_5_2_2,Goran Karlsson,,Animation and grammar in science education: Learners’ construal of animated educational software Göran Karlsson
ijCSCL_3_2_3,Joanna Wolfe,,Annotations and the collaborative digital library: Effects of an aligned annotation interface on student argumentation and reading strategies
ijCSCL_1_2_1,Hans Christian Arnseth & Sten Ludvigsen,,Approaching institutional contexts: Systemic versus dialogic research in CSCL
manifest:10.1007/s11412-016-9241-7,,,Appropriation from a script theory of guidance perspective: a response to Pierre Tchounikine
ijCSCL_10_1_4,Yun Wen & Chee-Kit Looi & Wenli Chen,,Appropriation of a representational tool in a second-language classroom
ijCSCL_3_2_4,Maarten Overdijk & Wouter van Diggelen,,Appropriation of a shared workspace: Organizing principles and their application
ijCSCL_6_3_5,Dejana Mullins & Nikol Rummel & Hans Spada,,Are two heads always better than one? Differential effects of collaboration on students’ computer-supported learning in mathematics
manifest:10.1007/s11412-019-09311-4,,,"Are we together or not? The temporal interplay of monitoring, physiological arousal and physiological synchrony during a collaborative exam"
ijCSCL_2_2_8,Baruch B. Schwarz & Reuma De Groot,,Argumentation in a changing world
ijCSCL_9_2_3,Alyssa Friend Wise & Simone Nicole Hausknecht & Yuting Zhao,,Attending to others’ posts in asynchronous discussions: Learners’ online “listening” and its relationship to speaking
ijCSCL_3_4_5,Gijsbert Erkens & Jeroen Janssen,,Automatic coding of dialogue acts in collaboration protocols
ijCSCL_2_1_5,Liam Rourke & Heather Kanuka,,Barriers to online critical discourse
ijCSCL_5_4_0,Gerry Stahl & Friedrich Hesse,editorial,Beyond folk theories of CSCL
ijCSCL_3_3_6,Gerry Stahl,editorial,Book review: Exploring thinking as communicating in CSCL
ijCSCL_6_2_1,Carol Chan,,Bridging research and practice: Implementing and sustaining knowledge building in Hong Kong classrooms Carol K. K. Chan
manifest:10.1007/s11412-020-09330-6,,,Bringing maker practices to school: tracing discursive and materially mediated aspects of student teams’ collaborative making processes
ijCSCL_6_4_7,Donatella Cesareni & Francesca Martini & Ilaria Mancini,,"Building a community among teachers, researchers and university students. A blended approach to training"
manifest:10.1007/s11412-020-09329-z,,,Building community together: towards equitable CSCL practices and processes
ijCSCL_1_2_0,Gerry Stahl & Friedrich Hesse,editorial,"Building knowledge in the classroom, building knowledge in the CSCL community"
ijCSCL_10_1_3,Pryce Davis & Michael Horn & Florian Block & Brenda Phillips & E. Margaret Evans & Judy Diamond & Chia Shen,,BWhoa! We’re going deep in the trees!^: Patterns of collaboration around an interactive information visualization exhibit
manifest:10.1007/s11412-023-09407-y,,,Can CPS better prepare 8th graders for problem-solving in electromagnetism and bridging the gap between high- and low-achievers than IPS?
ijCSCL_5_4_1,Ruth Kershner & Neil Mercer & Paul Warwick & Judith Kleine Staarman,,Can the interactive whiteboard support young children’s collaborative communication and thinking in classroom science activities?
ijCSCL_8_4_4,Roberto Martinez-Maldonado & Yannis Dimitriadis & Alejandra Martinez-Monés & Judy Kay & Kalina Yacef,,Capturing and analyzing verbal and physical collaborative learning interactions at an enriched interactive tabletop
manifest:10.1007/s11412-021-09339-5,,,Capturing regulatory patterns in online collaborative learning: A network analytic approach
manifest:10.1007/s11412-024-09431-6,,,Capturing temporal pathways of collaborative roles: A multilayered analytical approach using community of inquiry
manifest:10.1007/s11412-019-09313-2,,,Capturing the dynamic and cyclical nature of regulation: Methodological Progress in understanding socially shared regulation in learning
manifest:10.1007/s11412-020-09322-6,,,Capturing the participation and social dimensions of computer-supported collaborative learning through social network analysis: which method and measures matter?
manifest:10.1007/s11412-018-9279-9,,,Challenges in online collaboration: effects of scripting shared task perceptions
ijCSCL_4_3_0,Gerry Stahl & Friedrich Hesse,editorial,Classical dialogs in CSCL
manifest:10.1007/s11412-026-09465-y,,,Co-constructing critical data literacy in families: A technology-mediated learning perspective
manifest:10.1007/s11412-023-09409-w,,,Co-constructing knowledge with generative AI tools: Reflections from a CSCL perspective
ijCSCL_8_2_3,Florencia Gómez & Miguel Nussbaum & Juan F. Weitz & Ximena Lopez & Javiera Mena & Alex Torres,,Co-located single display collaborative learning for early childhood education
ijCSCL_1_2_3,Joyce Yukawa,,Co-reﬂection in online learning: Collaborative critical thinking as narrative
ijCSCL_1_3_3,Tobin White,,Code talk: Student discourse and participation with networked handhelds
ijCSCL_7_2_0,Gerry Stahl,editorial,Cognizing mediating: Unpacking the entanglement of artifacts with collective minds
manifest:10.1007/s11412-019-09309-y,,,Cohesion in online environments
ijCSCL_6_4_0,Gerry Stahl,editorial,Collaborating around the tabletop
ijCSCL_7_1_5,Sarah Pollack & Yifat Ben-David Kolikant,,Collaboration amidst disagreement and moral judgment: The dynamics of Jewish and Arab students’ collaborative inquiry of their joint past
manifest:10.1007/s11412-025-09454-7,,,Collaboration in virtual and remote laboratories for education: A systematic literature review
manifest:10.1007/s11412-016-9247-1,,,Collaboration scripts and scaffolding
ijCSCL_6_4_4,Eyal Szewkis & Miguel Nussbaum & Tal Rosen & Jose Abalos & Fernanda Denardin & Daniela Caballero & Arturo Tagle & Cristian Alcoholado,,Collaboration within large groups in the classroom
manifest:10.1007/s11412-022-09372-y,,,Collaborative analytics-supported reflective Assessment for Scaffolding Pre-service Teachers’ collaborative Inquiry and Knowledge Building
ijCSCL_4_3_4,Asta Cekaite,,Collaborative corrections with spelling control: Digital resources and peer assistance
ijCSCL_8_4_3,Hannie Gijlers & Armin Weinberger & Alieke Mattia van Dijk & Lars Bollen & Wouter van Joolingen,,Collaborative drawing on a shared digital canvas in elementary science education: The effects of script and task awareness support
ijCSCL_10_3_3,Suparna Sinha1 & Toni Kempler Rogat2 & Karlyn R. Adams-Wiggins1 & Cindy E. Hmelo-Silver3,,Collaborative group engagement in a computer-supported inquiry learning environment
ijCSCL_1_2_2,Yael Kali,,Collaborative knowledge building using the Design Principles Database
ijCSCL_8_3_0,Gerry Stahl & Nancy Law & Friedrich Hesse,editorial,Collaborative Learning at CSCL 2013
manifest:10.1007/s11412-024-09425-4,,,Collaborative Problem-Solving in Knowledge-Rich Domains: A Multi-Study Structural Equation Model
manifest:10.1007/s11412-025-09448-5,,,Collaborative science? Formalism and a unified language: Future directions for computer-supported collaborative learning
manifest:10.1007/s11412-024-09426-3,,,Combining Danmaku and Discussion Boards: Toward A Scalable and Sociable Environment for Mass Collaboration in MOOCs
manifest:10.1007/s11412-023-09402-3,,,Common “place” observations about embodiment and CSCL
manifest:10.1007/s11412-018-9275-0,,,Community technology mapping: inscribing places when “everything is on the move”
ijCSCL_2_1_1,Gerhard Fischer & Markus Rohde & Volker Wulf,,"Community-based learning: The core competency of residential, research-based universities"
manifest:10.1007/s11412-018-9283-0,,,Comparing effects of two collaboration scripts on learning activities for wiki-based environments
manifest:10.1007/s11412-024-09434-3,,,Comparing the effectiveness of CSCL scripts for shared task perceptions in socially shared regulation of collaborative learning
manifest:10.1007/s11412-024-09430-7,,,Comparing the effects of a collaboration script and collaborative reflection on promoting knowledge about good collaboration and effective interaction
ijCSCL_6_2_4,Bas Kolloffel & Tessa H. S. Eysink & Ton de Jong,,Comparing the effects of representational tools in collaborative and individual inquiry learning
ijCSCL_7_4_1,Jacques Lonchamp,,Computational analysis and mapping of ijCSCL content
ijCSCL_5_1_2,Oliver Scheuer & Frank Loll & Niels Pinkwart & Bruce M. McLaren,,Computer-supported argumentation: A review of the state of the art
manifest:10.1007/s11412-019-09300-7,,,Conceptualizing the designs of authentic computer-supported collaborative learning environments in schools
ijCSCL_10_3_0,Gerry Stahl,editorial,Conceptualizing the intersubjective group
ijCSCL_7_2_1,Maarten Overdijk & Wouter van Diggelen & Paul A. Kirschner & Michael Baker,,Connecting agents and artifacts in CSCL: Towards a rationale of mutual shaping
manifest:10.1007/s11412-018-9272-3,,,Connecting levels of activity with classroom network technology
ijCSCL_1_4_4,Nathan Dwyer & Daniel D. Suthers,,Consistent practices in artifact-mediated collaboration
ijCSCL_10_1_1,Noel Enyedy & Joshua A. Danish & David DeLiema,,Constructing liminal blends in a collaborative augmented-reality learning environment
ijCSCL_9_3_4,Kai-Yu Tang & Chin-Chung Tsai & Tzu-Chiang Lin,,Contemporary intellectual structure of CSCL research (2006–2013): a co-citation network analysis with an education focus
manifest:10.1007/s11412-023-09392-2,,,Contesting sociocomputational norms: Computer programming instructors and students’ stancetaking around refactoring
ijCSCL_7_3_2,Kim MacKinnon,,Context matters: The value of analyzing human factors within educational contexts as a way of informing technology-related decisions within design research
ijCSCL_3_3_2,Thomas Herrmann & Andrea Kienle,,Context-oriented communication and the design of computer-supported discursive learning
ijCSCL_2_2_1,Maarit Arvaja,,Contextual perspective in analysing collaborative knowledge construction of two small groups in web-based discussion
ijCSCL_4_4_3,Gustav Lymer & Jonas Ivarsson & Oskar Lindwall,,Contrasting the use of tools for presentation and critique: Some cases from architectural education
manifest:10.1007/s11412-016-9240-8,,,Contribution to a theory of CSCL scripts: taking into account the appropriation of scripts by learners
manifest:10.1007/s11412-016-9246-2,,,Conversational agents for academically productive talk: a comparison of directed and undirected agent interventions
manifest:10.1007/s11412-023-09397-x,,,Coordinating modalities of mathematical collaboration in shared VR environments
manifest:10.1007/s11412-019-09314-1,,,Correction to: A handheld classroom dashboard: teachers’ perspectives on the use of real-time collaborative learning analytics
manifest:10.1007/s11412-022-09368-8,,,Correction to: Many are the ways to learn: Identifying multi-modal behavioral profiles of collaborative learning in constructivist activities
manifest:10.1007/s11412-026-09474-x,,,Correction: A temporal network approach to reveal the longitudinal dynamics of CSCL group regulation and productive collaboration
manifest:10.1007/s11412-023-09391-3,,,Correction: An artificial intelligence-driven learning analytics method to examine the collaborative problem-solving process from the complex adaptive systems perspective
manifest:10.1007/s11412-024-09439-y,,,Correction: Collaborative Problem-Solving in Knowledge-Rich Domains: A Multi-Study Structural Equation Model
manifest:10.1007/s11412-023-09410-3,,,Correction: Contesting sociocomputational norms: computer programming instructors and students’ stancetaking around refactoring
manifest:10.1007/s11412-017-9261-y,,,Cracking her codes: understanding shared technology resources as positioning artifacts for power and status in CSCL environments
manifest:10.1007/s11412-022-09371-z,,,Cross-community knowledge building with idea thread mapper
ijCSCL_8_3_2,Annika Lantz-Andersson & Sylvi Vigmo & Rhonwen Bowen,,Crossing boundaries in Facebook: Students’ framing of language learning activities as extended spaces
ijCSCL_2_4_0,Gerry Stahl,editorial,CSCL and its flash themes
ijCSCL_9_3_0,Gerry Stahl & Sten Ludvigsen & Nancy Law & Ulrike Cress,editorial,CSCL artifacts
ijCSCL_6_2_7,Ulrike Cress & Katrin Wodzicki & Martina Bientzle & Andreas Lingnau,,CSCL for intellectually disabled pupils: Stimulating interaction by using a floor control mechanism
manifest:10.1007/s11412-024-09419-2,,,CSCL has come of age
ijCSCL_6_1_0,Gerry Stahl & Friedrich Hesse,editorial,CSCL in Asia
ijCSCL_3_4_0,Gerry Stahl & Friedrich Hesse,editorial,CSCL practices
manifest:10.1007/s11412-016-9230-x,,,CSCL towards the future: The second decade of ijCSCL
manifest:10.1007/s11412-024-09433-4,,,CSCL: a learning and collaboration science?
manifest:10.1007/s11412-016-9236-4,,,"CSCL: connecting the social, emotional and cognitive dimensions"
manifest:10.1007/s11412-022-09364-y,,,CSsCL: the performance of collaborative learning
ijCSCL_3_3_3,Nancy Ares,,Cultural practices in networked classroom learning environments
manifest:10.1007/s11412-016-9233-7,,,Cultural ways of constructing knowledge: the role of identities in online group discussions
manifest:10.1007/s11412-020-09327-1,,,Data wrangling practices and collaborative interactions with aggregated data
manifest:10.1007/s11412-017-9249-7,,,DCLM framework: understanding collaboration in open-ended tabletop learning environments
ijCSCL_2_2_3,Marc Stadtler & Rainer Bromme,,Dealing with multiple documents on the WWW: The role of metacognition in the formation of documents models
manifest:10.1007/s11412-021-09351-9,,,Deconstructing orchestration load: comparing teacher support through mirroring and guiding
manifest:10.1007/s11412-019-09304-3,,,Deliberative emotional talk
ijCSCL_6_2_6,Erin Walker & Nikol Rummel & Kenneth R. Koedinger,,Designing automated adaptive support to improve student helping behaviors in a peer tutoring activity
manifest:10.1007/s11412-017-9264-8,,,Developing &amp; using interaction geography in a museum
manifest:10.1007/s11412-018-9291-0,,,Developing understanding beyond the given knowledge and new methodologies for analyses in CSCL
ijCSCL_9_2_0,Gerry Stahl & Ulrike Cress & Sten Ludvigsen & Nancy Law,editorial,Dialogic foundations of CSCL
manifest:10.1007/s11412-020-09328-0,,,Dialogic intervisualizing in multimodal inquiry
ijCSCL_8_3_5,M. Beatrice Ligorio & Fedela Feldia Loperfido & Nadia Sansone,,Dialogical positions as a method of understanding identity trajectories in a collaborative blended university course
manifest:10.1007/s11412-024-09420-9,,,Dialogues across time and space in a video-based collaborative learning environment
ijCSCL_9_4_2,Emma M. Mercier & Steven E. Higgins & Laura da Costa,,Different leaders: Emergent organizational and intellectual leadership in children’s collaborative learning groups
manifest:10.1007/s11412-018-9280-3,,,"Different technologies, methodologies and epistemologies—is CSCL a community or communities?"
manifest:10.1007/s11412-024-09438-z,,,Disagreeing softly: Supporting students in managing disagreement in peer critique
ijCSCL_9_2_2,Benzi Slakmon & Baruch B. Schwarz,,Disengaged students and dialogic learning: the role of CSCL affordances
ijCSCL_4_3_2,"construction, and knowledge-creation discourses Jan van Aalst",,"Distinguishing knowledge-sharing, knowledge- construction, and knowledge-creation discourses Jan van Aalst"
ijCSCL_5_2_4,Julia Gressick & Sharon J. Derry,,Distributed leadership in online groups
manifest:10.1007/s11412-020-09315-5,,,Distributed spatial Sensemaking on the augmented reality sandbox
manifest:10.1007/s11412-017-9265-7,,,Divisive or facilitative: The two faces of technology in CSCL
manifest:10.1007/s11412-020-09320-8,,,Does collaborative learning design align with enactment? An innovative method of evaluating the alignment in the CSCL context
manifest:10.1007/s11412-023-09401-4,,,Does matching peers at finer-grained levels of prior performance enhance gains in task performance from peer review?
ijCSCL_4_4_2,David Birchfield & Colleen Megowan-Romanowicz,,Earth science learning in SMALLab: A design experiment for mixed reality
ijCSCL_1_3_0,Gerry Stahl & Friedrich Hesse,editorial,EDITORIAL Focusing on participation in group meaning making
manifest:10.1007/s11412-026-09471-0,,,"Editorial notes: Collaboration, feedback and dynamics"
manifest:10.1007/s11412-025-09449-4,,,Editorial notes: Core issues in CSCL research
manifest:10.1007/s11412-025-09455-6,,,Editorial notes: Extending perennial topics in CSCL
manifest:10.1007/s11412-025-09462-7,,,Editorial notes: Mechanisms as a unifying construct for CSCL research
manifest:10.1007/s11412-024-09428-1,,,Editorial notes: on dialogues and sequences
manifest:10.1007/s11412-024-09440-5,,,Editorial Notes: Revitalising foundational concepts
manifest:10.1007/s11412-026-09485-8,,,Editorial Notes: the CSCL universe is still expanding
manifest:10.1007/s11412-025-09444-9,,,Editorial notes: Unity in diversity at the CSCL crossroads
manifest:10.1007/s11412-023-09389-x,,,Editorial: Nine elements for robust collaborative learning analytics: A constructive collaborative critique
manifest:10.1007/s11412-021-09359-1,,,Educational dialogues and computer supported collaborative learning: critical analysis and research perspectives
manifest:10.1007/s11412-024-09418-3,,,Effects of group awareness support in CSCL on students’ learning performance: A three-level meta-analysis
ijCSCL_1_4_3,Lynn Clouder & Jayne Dalley & Julian Hargreaves & Sally Parkes & Julie Sellars & Jane Toms,,Electronic [re]constitution of groups: Group dynamics from face-to-face to an online setting
manifest:10.1007/s11412-024-09432-5,,,Emergent group understanding: Investigating intersubjectivity in sociotechnical interdependencies
manifest:10.1007/s11412-022-09379-5,,,Emotion expression and recognition in written digital discussions on Civic Issues
manifest:10.1007/s11412-020-09326-2,,,Encouraging collaboration and building Community in Online Asynchronous Professional Development: designing for social capital
ijCSCL_8_1_5,Evren Eryilmaz & Jakko van der Pol & Terry Ryan & Philip Martin Clark & Justin Mary,,Enhancing student knowledge acquisition from online learning conversations
manifest:10.1007/s11412-023-09408-x,,,Enhancing student learning and achievement through orchestration of group processes and group composition
manifest:10.1007/s11412-024-09443-2,,,Enhancing students’ dialogic reflection through classroom discourse visualisation
ijCSCL_1_2_6,Eddy Y.C. Lee & Carol K.K. Chan & Jan van Aalst,,ERRATUM Students assessing their own collaborative knowledge building
ijCSCL_7_1_0,Gerry Stahl,editorial,Ethnomethodologically informed
manifest:10.1007/s11412-022-09380-y,,,Evolution of the academic emotions of academically low-achieving students in knowledge building
manifest:10.1007/s11412-017-9252-z,,,"Experiences, appearances, and interprofessional training: The instructional use of video in post-simulation debriefings"
manifest:10.1007/s11412-020-09319-1,,,Experiencing CSCL: from motivation to the embodied experience and beyond
ijCSCL_9_1_4,Iassen Halatchliyski & Johannes Moskaliuk & Joachim Kimmerle & Ulrike Cress,,Explaining authors’ contribution to pivotal artifacts during mass collaboration in the Wikipedia’s knowledge base
ijCSCL_3_3_0,Gerry Stahl & Friedrich Hesse,editorial,Explorations of participation in discourse
manifest:10.1007/s11412-018-9269-y,,,Exploring college English language learners’ self and social regulation of learning during wiki-supported collaborative reading activities
ijCSCL_6_1_4,Zi-gang Ge,,Exploring e-learners' perceptions of net-based peer-reviewed English writing
ijCSCL_3_4_3,Brian C. Nelson & Diane Jass Ketelhut,,Exploring embedded guidance and self-efficacy in educational multi-user virtual environments
ijCSCL_4_2_4,Hanni Muukkonen & Minna Lakkala,,Exploring metaskills of knowledge-creating inquiry in higher education
manifest:10.1007/s11412-021-09342-w,,,Exploring multilayered collaboration designs
manifest:10.1007/s11412-023-09413-0,,,Exploring students’ immersive VR experiences as resources for collaborative meaning making and learning
manifest:10.1007/s11412-023-09394-0,,,"Exploring the impact of chat-based collaborative activities and SRL-focused interventions on students’ self-regulation profiles, participation in collaborative activities, retention, and learning in MOOCs"
manifest:10.1007/s11412-016-9228-4,,,Exploring the relationship between resistance and perspectival understanding in computer-mediated discussions
ijCSCL_5_1_3,Eva Mary Bures & Philip C. Abrami & Richard F. Schmid,,Exploring whether students’ use of labelling depends upon the type of activity
manifest:10.1007/s11412-023-09396-y,,,Facilitated model-based reasoning in immersive virtual reality: Meaning-making and embodied interactions with dynamic processes
ijCSCL_2_4_3,Karsten Stegmann & Armin Weinberger & Frank Fischer,,Facilitating argumentative knowledge construction with computer-supported collaboration scripts
ijCSCL_8_2_2,Omid Noroozi & Stephanie D. Teasley & Harm J. A. Biemans & Armin Weinberger & Martin Mulder,,Facilitating learning in multidisciplinary groups with transactive CSCL scripts
manifest:10.1007/s11412-017-9259-5,,,Facilitating socio-cognitive and socio-emotional monitoring in collaborative learning with a regulation macro script – an exploratory study
manifest:10.1007/s11412-020-09325-3,,,Finding a place for equity in CSCL: ambitious learning practices as a lever for sustained educational change
ijCSCL_10_2_3,Tuya Siqin & Jan van Aalst & Samuel Kai Wah Chu,,Fixed group and opportunistic collaboration in a CSCL environment
manifest:10.1007/s11412-018-9284-z,,,"Forming social systems by coupling minds at different levels of cognition: Design, tools, and research methods"
manifest:10.1007/s11412-021-09348-4,,,Forms of collaboration matters: CSCL across the contexts
manifest:10.1007/s11412-023-09404-1,,,Fostering collaborative and embodied learning with extended reality: Special issue introduction
manifest:10.1007/s11412-022-09376-8,,,Fostering growth orientations in students’ identities as knowledge builders
manifest:10.1007/s11412-023-09388-y,,,Fostering regulatory processes using computational scaffolding
manifest:10.1007/s11412-017-9253-y,,,Fostering targeted group practices as a Core focus for CSCL task and technology design
manifest:10.1007/s11412-017-9257-7,,,"Frameworks for mass collaboration, adaptable scripts, complex systems theory, and collaborative writing"
manifest:10.1007/s11412-018-9277-y,,,From Cognitive Load Theory to Collaborative Cognitive Load Theory
ijCSCL_1_4_1,Noel Enyedy & Christopher M. Hoadley,,From dialogue to monologue and back: Middle spaces in computer-mediated learning
ijCSCL_10_1_0,Sten Ludvigsen & Gerry Stahl & Nancy Law & Ulrike Cress,editorial,From the editors: Collaboration and the formation of new knowledge artifacts
manifest:10.1007/s11412-017-9268-4,,,Future direction for the CSCL field: Methodologies and eight controversies
ijCSCL_2_4_2,Giasemi N. Vavoula & Mike Sharples,,Future technology workshop: A collaborative method for the design of new learning technologies and activities
manifest:10.1007/s11412-016-9242-6,,,Future-looking conversations in CSCL
manifest:10.1007/s11412-020-09333-3,,,Gaze awareness and metacognitive suggestions by a pedagogical conversational agent: an experimental investigation on interventions to support collaborative learning process and performance
ijCSCL_4_2_3,Norm Friesen,,Genre and CSCL: The form and rhetoric of the online posting
manifest:10.1007/s11412-023-09398-w,,,Gesture-mediated collaboration with augmented reality headsets in a problem-based astronomy task
manifest:10.1007/s11412-020-09332-4,,,Give student ideas a larger stage: support cross-community interaction for knowledge building
manifest:10.1007/s11412-020-09316-4,,,"Good for learning, bad for motivation? A meta-analysis on the effects of computer-supported collaboration scripts"
manifest:10.1007/s11412-022-09361-1,,,Group awareness and regulation in computer-supported collaborative learning
ijCSCL_3_1_5,Joachim Kimmerle & Ulrike Cress,,Group awareness and self-presentation in computer-supported information exchange
manifest:10.1007/s11412-016-9232-8,,,Group emotions: the social and cognitive functions of emotions in argumentation
manifest:10.1007/s11412-017-9251-0,,,Group practices: a new way of viewing CSCL
ijCSCL_10_3_4,Monica Resendes1 & Marlene Scardamalia1 & Carl Bereiter1 & Bodong Chen2 & Cindy Halewood3,,Group-level formative feedback and metadiscourse
manifest:10.1007/s11412-021-09347-5,,,Guidance in computer-supported collaborative inquiry learning: Capturing aspects of affect and teacher support in science classrooms
ijCSCL_6_4_5,Giulia Gelmini-Hornsby & Shaaron Ainsworth & Claire O’Malley,,Guided reciprocal questioning to support children’s collaborative storytelling
manifest:10.1007/s11412-019-09298-y,,,Guiding collaborative revision of science explanations
ijCSCL_5_3_0,Gerry Stahl,editorial,Guiding group cognition in CSCL
manifest:10.1007/s11412-019-09297-z,,,Highlighting tools and technologies for collaborative learning
manifest:10.1007/s11412-025-09453-8,,,How children blend feedback in a mixed-reality environment for collective embodied learning
ijCSCL_5_3_3,Tanja Engelmann & Friedrich W. Hesse,,How digital concept maps about the collaborators’ knowledge and information influence computer-supported collaborative problem solving
ijCSCL_2_2_7,Kristine Lund & Gaëlle Molinari & Arnauld Séjourné & Michael Baker,,How do argumentation diagrams compare when student pairs use them as a means for debate or as a tool for representing debate?
manifest:10.1007/s11412-024-09441-4,,,How do new ideas come to be adopted during discourse?
manifest:10.1007/s11412-024-09442-3,,,How does collaborative task design shape collaborative knowledge construction and group-level regulation of learning? A study of secondary school students’ interactions in two varied tasks
ijCSCL_7_1_2,Ulrika Bennerstedt & Jonas Ivarsson & Jonas Linderoth,,How gamers manage aggression: Situating skills in collaborative computer games
ijCSCL_9_3_2,Maarten Overdijk & Wouter van Diggelen & Jerry Andriessen & Paul A. Kirschner,,How to bring a technical artifact into use: A micro-developmental perspective
manifest:10.1007/s11412-017-9260-z,,,How to combine collaboration scripts and heuristic worked examples to foster mathematical argumentation – when working memory matters
ijCSCL_7_2_4,Carmen Zahn & Karsten Krauskopf & Friedrich W. Hesse & Roy Pea,,How to improve collaborative learning with video tools in the classroom? Social vs. cognitive guidance for student teams
manifest:10.1007/s11412-023-09400-5,,,"Identifying collaborative problem-solver profiles based on collaborative processing time, actions and skills on a computer-based task"
ijCSCL_6_3_2,Fengfeng Ke & Alicia F. Chávez & Pei-Ni L. Causarano & Antonio Causarano,,Identity presence and knowledge building: Joint emergence in online learning environments?
ijCSCL_1_1_0,Gerry Stahl & Friedrich Hesse,editorial,ijCSCL—a journal for research in CSCL
manifest:10.1007/s11412-019-09295-1,,,Imagining with improvised representations in CSCL environments
manifest:10.1007/s11412-022-09377-7,,,Implementing learning analytics in wiki-supported collaborative learning in secondary education: A framework-motivated empirical study
manifest:10.1007/s11412-016-9243-5,,,Improving collaborative learning in the classroom: Text mining based grouping and representing
manifest:10.1007/s11412-021-09346-6,,,Improving learning and writing outcomes: Influence of cognitive and behavioral group awareness tools in wikis
manifest:10.1007/s11412-019-09296-0,,,Improving the quality of vocational students’ collaboration and knowledge acquisition through instruction and joint reflection
ijCSCL_8_3_4,Armin Weinberger & Miika Marttunen & Leena Laurinen & Karsten Stegmann,,Inducing socio-cognitive conflict in Finnish and German groups of online learners by CSCL script
manifest:10.1007/s11412-021-09345-7,,,Initiating scientific collaborations across career levels and disciplines – a network analysis on behavioral data
ijCSCL_7_2_3,Giuseppe Ritella & Kai Hakkarainen,,Instrumental genesis in technology-mediated learning: From double stimulation to expansive knowledge practices
manifest:10.1007/s11412-019-09294-2,,,Instrumental genesis in the design studio
manifest:10.1007/s11412-022-09362-0,,,Integrating a collaboration script and group awareness to support group regulation and emotions towards collaborative problem solving
manifest:10.1007/s11412-022-09367-9,,,"Integrating collaboration scripts, group awareness, and self-regulation in computer-supported collaborative learning"
ijCSCL_6_4_1,Pierre Dillenbourg & Michael Evans,,Interactive tabletops in education
ijCSCL_7_4_2,Markus Nivala & Hans Rystedt & Roger Säljö & Pauliina Kronqvist & Erno Lehtinen,,Interactive visual tools as triggers of collaborative reasoning in entry-level pathology
ijCSCL_6_4_3,Taciana Pontual Falcão & Sara Price,,Interfering and resolving: How tabletop interaction facilitates co-construction of argumentative knowledge
ijCSCL_2_1_4,Maarten de Laat & Vic Lally & Lasse Lipponen & Robert-Jan Simons,,Investigating patterns of interaction in networked learning and
manifest:10.1007/s11412-019-09305-2,,,Investigating the complexity of computer-supported collaborative learning in action
manifest:10.1007/s11412-017-9263-9,,,"Investigating the effects of peer to peer prompts on collaborative argumentation, consensus and perceived efficacy in collaborative learning"
ijCSCL_10_4_2,Owen M. Harney1 & Michael J. Hogan1 & Benjamin Broome2 & Tony Hall1 & Cormac Ryan1,,"Investigating the effects of prompts on argumentation style, consensus and perceived efficacy in collaborative learning"
manifest:10.1007/s11412-019-09307-0,,,It is not either or: An initial investigation into combining collaborative and individual learning using an ITS
manifest:10.1007/s11412-022-09374-w,,,iTalk–iSee: A participatory visual learning analytical tool for productive peer talk
manifest:10.1007/s11412-017-9256-8,,,Joint interactions in large online knowledge communities: The A3C framework
ijCSCL_1_4_2,Joan Moss & Ruth Beatty,,Knowledge building in mathematics: Supporting collaborative learning in pattern problems
manifest:10.1007/s11412-024-09427-2,,,Knowledge creation through maker practices and the role of teacher and peer support in collaborative invention projects
ijCSCL_1_2_4,Jun Oshima & Ritsuko Oshima & Isao Murayama & Shigenori Inagaki & Makiko Takenaka & Tomokazu Yamamoto & Etsuji Yamaguchi & Hayashi Nakayama,,Knowledge-building activity structures in Japanese elementary science pedagogy
manifest:10.1007/s11412-019-09302-5,,,Learners’ agency and CSCL technologies: towards an emancipatory perspective
ijCSCL_8_1_1,Gerry Stahl,editorial,Learning across levels
manifest:10.1007/s11412-020-09317-3,,,Learning in embodied activity framework: a sociocultural framework for embodied cognition
ijCSCL_7_3_1,Noel Enyedy & Joshua A. Danish & Girlie Delacruz & Melissa Kumar,,Learning physics through play in an augmented reality environment
ijCSCL_6_1_3,Suneeta A. Pathak & Beaumie Kim & Michael J. Jacobson & Baohui Zhang,,Learning the physics of electricity: A qualitative analysis of collaborative processes involved in productive failure
manifest:10.1007/s11412-018-9278-x,,,Learning through collaborative design of location-based games
ijCSCL_4_1_4,Nikol Rummel & Hans Spada & Sabine Hauser,,Learning to collaborate while being scripted or by observing a model
manifest:10.1007/s11412-025-09460-9,,,Learning to deal with hate speech: An online collective intelligence experiment on the Collective Learning platform
ijCSCL_10_3_2,Baruch B. Schwarz1 & Reuma de Groot1 & Manolis Mavrikis2 & Toby Dragon3,,Learning to learn together with CSCL tools
manifest:10.1007/s11412-018-9270-5,,,Learning to monitor and regulate collective thinking processes
manifest:10.1007/s11412-024-09423-6,,,Learning to notice collaboration: examining the impact of professional development on mathematics teachers’ enhanced awareness in CSCL settings
manifest:10.1007/s11412-023-09412-1,,,Learning within fiber-crafted algorithms: Posthumanist perspectives for capturing human-material collaboration
ijCSCL_6_2_0,Gerry Stahl & Friedrich Hesse,editorial,Let a hundred flowers bloom; let a hundred schools of thought contend
manifest:10.1007/s11412-018-9281-2,,,Leveraging mobile eye-trackers to capture joint visual attention in co-located collaborative learning groups
ijCSCL_3_4_1,David Hung & Kenneth Y. T. Lim & Der-Thanq Victor Chen & Thiam Seng Koh,,Leveraging online communities in fostering adaptive schools
manifest:10.1007/s11412-017-9255-9,,,Life history of a topic in an online discussion: a complex systems theory perspective on how one message attracts class members to create meaning collaboratively
ijCSCL_7_1_6,Yangjie Song & Chee-Kit Looi,,"Linking teacher beliefs, practices and student inquiry-based learning in a CSCL environment: A tale of two teachers"
ijCSCL_7_1_1,Christian Greiffenhagen,,Making rounds: The routine work of the teacher during collaborative learning with computers
manifest:10.1007/s11412-021-09358-2,,,Many are the ways to learn identifying multi-modal behavioral profiles of collaborative learning in constructivist activities
ijCSCL_8_2_4,Gahgene Gweon & Mahaveer Jain & John McDonough & Bhiksha Raj & Carolyn P. Rosé,,Measuring prevalence of other-oriented transactive contributions using an automated measure of speech style accommodation
manifest:10.1007/s11412-025-09445-8,,,Measuring the quality of collaborative group engagement: Development and validation of the QCGE self-assessment scale (QCGE-SAS)
manifest:10.1007/s11412-022-09382-w,,,Mediating and perspective-taking manipulatives: Fostering dynamic perspective-taking by mediating dialogic thinking and bolstering empathy in role-play and reflection for microteaching
manifest:10.1007/s11412-023-09399-9,,,Mobile augmented reality supporting families’ immersive collaborative learning: Learning-on-the-move for place-based geoscience sense-making
manifest:10.1007/s11412-021-09356-4,,,Modelling diffusion in computer-supported collaborative learning: a large scale learning analytics study
ijCSCL_5_2_1,Andri Ioannidou & Alexander Repenning & David Webb & Diane Keyser & Lisa Luhn & Christof Daetwyler,,Mr. Vetro: A Collective Simulation for teaching health science
ijCSCL_9_1_3,Katerine Bielaczyc & John Ow,,Multi-player epistemic games: Guiding the enactment of classroom knowledge-building communities
ijCSCL_6_4_2,Steven E. Higgins & Emma Mercier & Elizabeth Burd & Andrew Hatch,,Multi-touch tables and the relationship with collaborative classroom pedagogies: A synthetic review
manifest:10.1007/s11412-018-9274-1,,,Multiple forms of regulation and coordination across levels in educational settings
manifest:10.1007/s11412-021-09343-9,,,Net.Create: Network Visualization to Support Collaborative Historical Knowledge Building
manifest:10.1007/s11412-022-09383-9,,,Novel CSCL design processes prompted by exploration of role-playing and emotions
ijCSCL_8_1_2,Magnus Hontvedt & Hans Christian Arnseth,,On the bridge to learn: Analysing the social organization of nautical instruction in a ship simulator
manifest:10.1007/s11412-018-9273-2,,,One framework to rule them all? Carrying forward the conversation started by Wise and Schwarz
ijCSCL_7_3_4,Mingzhu Qiu & Jim Hewitt & Clare Brett,,"Online class size, note reading, note writing and collaborative discourse"
ijCSCL_5_3_1,Christa S. C. Asterhan & Baruch B. Schwarz,,Online moderation of synchronous e-argumentation
ijCSCL_3_2_5,Pierre Tchounikine,,Operationalizing macro-scripts in CSCL technological settings
manifest:10.1007/s11412-025-09452-9,,,Optimizing group formation with a mixed genetic algorithm: an empirical study in active reading using marker data
manifest:10.1007/s11412-018-9276-z,,,Orchestrating the emergence of conceptual learning: a case study in a geometry class
ijCSCL_4_4_0,Gerry Stahl & Friedrich Hesse,editorial,Paradigms of shared knowledge
ijCSCL_7_4_4,Chia-Ching Lin & Chin-Chung Tsai,,Participatory learning through behavioral and cognitive engagements in an online collective information searching activity
ijCSCL_2_1_2,John M. Carroll & Umer Farooq,,Patterns as a paradigm for theory in community-based learning
manifest:10.1007/s11412-022-09369-7,,,Patterns of action transitions in online collaborative problem solving: A network analysis approach
ijCSCL_7_3_3,Eun Mee Lim,,Patterns of kindergarten children’s social interaction with peers in the computer area
ijCSCL_10_2_2,Jian-Wei Lin1 & Li-Jung Mai2 & Yung-Cheng Lai1,,Peer interaction and social network analysis of online communities with the support of awareness of different contexts
ijCSCL_7_1_4,Maarit Arvaja,,Personal and shared experiences as resources for meaning making in a philosophy of science course
ijCSCL_6_1_6,Baruch B. Schwarz & Yaron Schur & Haim Pensso & Naama Tayer,,Perspective taking and synchronous argumentation for learning the day/night cycle
ijCSCL_9_2_1,Stefan Trausan-Matu & Mihai Dascalu & Traian Rebedea,,PolyCAFe—automatic support for the polyphonic analysis of CSCL chats
ijCSCL_4_2_0,Gerry Stahl & Friedrich Hesse,editorial,Practice perspectives in CSCL
ijCSCL_9_2_4,Tanja Engelmann & Richard Kolodziej & Friedrich W. Hesse,,Preventing undesirable effects of mutual trust and the development of skepticism in virtual groups by applying the knowledge and information awareness approach
ijCSCL_4_1_2,Manu Kapur & Charles K. Kinzer,,Productive failure in CSCL groups
manifest:10.1007/s11412-023-09403-2,,,Promoting knowledge building through meta-discourse and epistemic discourse understanding
ijCSCL_5_2_5,Manoli Pifarre & Ruth Cobos,,Promoting metacognitive skills through peer scaffolding in a CSCL environment
manifest:10.1007/s11412-021-09340-y,,,Promoting regulation of equal participation in online collaboration by combining a group awareness tool and adaptive prompts. But does it even matter?
manifest:10.1007/s11412-021-09349-3,,,Prompting collaborative and exploratory discourse: An epistemic network analysis study
manifest:10.1007/s11412-018-9293-y,,,Providing different types of group awareness information to guide collaborative learning
ijCSCL_2_4_5,E. Michael Nussbaum & Denise L. Winsor & Yvette M. Aqui & Anne M. Poliquin,,Putting the pieces together: Online argumentation vee diagrams enhance thinking during discussions
manifest:10.1007/s11412-016-9234-6,,,"Quantitative approach to collaborative learning: performance prediction, individual assessment, and group composition"
ijCSCL_1_1_5,Hugo Fuks & Mariano Pimentel & Carlos Jose´ Pereira de Lucena,,R-U-Typing-2-Me? Evolving a chat tool to increase understanding in learning activities
ijCSCL_2_2_9,Michael Baker & Jerry Andriessen & Kristine Lund & Marie van Amelsvoort & Matthieu Quignard,,Rainbow: A framework for analysing computer-mediated pedagogical debates
ijCSCL_10_4_3,Mihai Dascalu1 & Stefan Trausan-Matu1 & Danielle S. McNamara2 & Philippe Dessus3,,ReaderBench: Automated evaluation of collaboration based on cohesion and dialogism
ijCSCL_8_4_1,Bertrand Schneider & Roy Pea,,Real-time mutual gaze perception enhances collaborative learning and collaboration quality
manifest:10.1007/s11412-019-09310-5,,,Real-time orchestrational technologies in computer-supported collaborative learning: an introduction to the special issue
ijCSCL_8_1_4,Alan Zemel & Timothy Koschmann,,Recalibrating reference within a dual-space interaction environment
manifest:10.1007/s11412-023-09415-y,,,Reflecting on what counts as collaboration: Reaching forward without losing what is behind
manifest:10.1007/s11412-019-09312-3,,,"Reflections and looking ahead for CSCL: digital infrastructures, digital tools, and collaborative learning"
manifest:10.1007/s11412-016-9239-1,,,Reflective assessment in knowledge building by students with low academic achievement
manifest:10.1007/s11412-024-09421-8,,,Reflective assessment using analytics and artifacts for scaffolding knowledge building competencies among undergraduate students
manifest:10.1007/s11412-020-09323-5,,,"Regulating self-organized collaborative learning: the importance of homogeneous problem perception, immediacy and intensity of strategy use"
ijCSCL_8_4_0,Gerry Stahl & Nancy Law & Friedrich Hesse,editorial,Reigniting CSCL flash themes
manifest:10.1007/s11412-022-09373-x,,,Relations Matter – CSCL Research Informing and Developing CL Competencies
manifest:10.1007/s11412-018-9286-x,,,Rendering controversial socioscientific issues legible through digital mapping tools
ijCSCL_5_3_5,Anne Gerdes,,Revealing preconditions for trustful collaboration in CSCL
manifest:10.1007/s11412-024-09429-0,,,"Revealing the interplay of cognitive, meta-cognitive, and social processes in university students’ collaborative problem solving: a three-stage analytical framework"
manifest:10.1007/s11412-015-9224-0,,,Role taking and knowledge building in a blended university course
ijCSCL_5_3_4,Christof Wecker & Karsten Stegmann & Florian Bernstein & Michael J. Huber & Georg Kalus & Ingo Kollar & Sabine Rathmayer & Frank Fischer,,S-COL: A Copernican turn for the development of flexibly reusable collaboration scripts
ijCSCL_6_3_4,Shiou-Wen Yeh & Jia-Jiunn Lo & Jeng-Jia Huang,,Scaffolding collaborative technical writing with procedural facilitation and synchronous discussion
ijCSCL_6_4_6,Inge Molenaar & Ming Ming Chiu & Peter Sleegers & Carla van Boxtel,,Scaffolding of small groups’ metacognitive activities with an avatar
ijCSCL_5_3_2,Jingyan Lu & Susanne P. Lajoie & Jeffrey Wiseman,,Scaffolding problem-based learning with CSCL tools
ijCSCL_7_2_6,Nikol Rummel & Dejana Mullins & Hans Spada,,Scripted collaborative learning with the cognitive tutor algebra
ijCSCL_5_2_3,Joerg M. Haake & Hans-Rüdiger Pfister,,Scripting a distance-learning university course: Do students benefit from net-based scripted collaboration?
ijCSCL_2_2_5,Tammy Schellens & Hilde Van Keer & Bram De Wever & Martin Valcke,,Scripting by assigning roles: Does it improve knowledge construction in asynchronous discussion groups?
manifest:10.1007/s11412-021-09357-3,,,Self-efficacy and behavior patterns of learners using a real-time collaboration system developed for group programming
manifest:10.1007/s11412-022-09375-9,,,Shared meaning-making in online intergroup discussions around sensitive topics
ijCSCL_5_4_2,Meng Yew Tee & Dennis Karney,,Sharing and cultivating tacit knowledge in an online learning environment
ijCSCL_1_1_4,Jochen Rick & Mark Guzdial,,Situating CoWeb: a scholarship of application
ijCSCL_8_4_2,Esra Alagoz,,Social argumentation in online synchronous communication
manifest:10.1007/s11412-020-09331-5,,,Social practices in teacher knowledge creation and innovation adoption: a large-scale study in an online instructional design community for inquiry learning
ijCSCL_1_4_0,Gerry Stahl & Friedrich Hesse,editorial,Social practices of
manifest:10.1007/s11412-021-09344-8,,,Social sensitivity: a manifesto for CSCL research
manifest:10.1007/s11412-016-9238-2,,,Socially shared regulation of learning in CSCL: understanding and prompting individual- and group-level shared regulatory activities
manifest:10.1007/s11412-019-09303-4,,,Socio-cognitive openness in online knowledge building discourse: does openness keep conversations going?
manifest:10.1007/s11412-021-09354-6,,,Socio-technical configurations for productive talk
ijCSCL_2_2_4,Lars Kobbe & Armin Weinberger & Pierre Dillenbourg & Andreas Harrer & Raija Hämäläinen & Päivi Häkkinen & Frank Fischer,,Specifying computer-supported collaboration scripts
ijCSCL_8_1_3,Anniken Furberg & Anders Kluge & Sten Ludvigsen,,Student sensemaking with science diagrams in a computer-based setting
ijCSCL_6_3_1,Cliff Lampe & Donghee Yvette Wohn & Jessica Vitak & Nicole B. Ellison & Rick Wash,,Student use of Facebook for organizing collaborative classroom activities
ijCSCL_1_1_3,Eddy Y.C. Lee & Carol K.K. Chan & Jan van Aalst,,Students assessing their own collaborative knowledge building
manifest:10.1007/s11412-018-9290-1,,,Students’ engagement with real-time graphs in CSCL settings: scrutinizing the role of teacher support
manifest:10.1007/s11412-020-09337-z,,,Students’ multimodal knowledge practices in a makerspace learning environment
manifest:10.1007/s11412-024-09436-1,,,Students’ use of technological tools to engage in collective mathematical proof activity
ijCSCL_1_3_4,AlejandraMartínez & Yannis Dimitriadis & Eduardo Gómez-Sánchez & Bartolomé Rubia-Avi & Iván Jorrín-Abellán & Jose A. Marcos,,Studying participation networks in collaboration using mixed methods
manifest:10.1007/s11412-023-09414-z,,,Studying teacher withitness in the wild: comparing a mirroring and an alerting &amp; guiding dashboard for collaborative learning
manifest:10.1007/s11412-022-09366-w,,,Supporting children’s place-based observations and explanations using collaboration scripts while learning-on-the-move outdoors
manifest:10.1007/s11412-019-09306-1,,,Supporting classroom orchestration with real-time feedback: A role for teacher dashboards and real-time agents
ijCSCL_2_2_2,Nilufar Baghaei & Antonija Mitrovic & Warwick Irwin,,Supporting collaborative learning and problem-solving in a constraint-based CSCL environment for UML class diagrams
ijCSCL_3_2_2,Jürgen Buder & Daniel Bodemer,,Supporting controversial CSCL discussions with augmented group awareness tools
manifest:10.1007/s11412-022-09378-6,,,Supporting perspective taking across chasms of thinking: Do real-time analytics hold the key?
ijCSCL_3_3_5,Diler Oner,,Supporting students’ participation in authentic proof activities in computer supported collaborative learning (CSCL) environments Diler Öner
ijCSCL_1_2_5,Jacques Lonchamp,,"Supporting synchronous collaborative learning: A generic, multi-dimensional model"
manifest:10.1007/s11412-023-09416-x,,,Taking a stance in the process of learning: Developing perspectival understandings through knowledge co-construction during synchronous computer-mediated classroom discussion
manifest:10.1007/s11412-025-09461-8,,,Talk to the machine: Unleashing the potential of AI to scale dialogic education and reduce polarization
manifest:10.1007/s11412-020-09321-7,,,Talking about group (but not individual) process aids group performance
manifest:10.1007/s11412-016-9229-3,,,Teacher support in computer-supported lab work: bridging the gap between lab experiments and students’ conceptual understanding
ijCSCL_1_3_1,making: A research agenda for CSCL Daniel D. Suthers,,Technology affordances for intersubjective meaning making: A research agenda for CSCL Daniel D. Suthers
ijCSCL_6_1_2,Manu Kapur,,Temporality matters: Advancing a method for analyzing problem-solving processes in a computer-supported collaborative environment
ijCSCL_7_2_5,Jin Mu & Karsten Stegmann & Elijah Mayfield & Carolyn Rosé & Frank Fischer,,The ACODEA framework: Developing segmentation and classification schemes for fully automatic analysis of online discussions
ijCSCL_1_3_2,J. van der Pol & W. Admiraal & P.R.J. Simons,,The affordance of anchored discussion for the collaborative processing of academic texts
ijCSCL_5_4_4,Maria Beatrice Ligorio & Giuseppe Ritella,,The collaborative construction of chronotopes during computer-supported collaborative professional tasks
manifest:10.1007/s11412-025-09450-x,,,The CoMPAS Framework for Modeling Individual Participation in Collaborative Learning Processes: a Systematic Review
ijCSCL_10_2_0,Gerry Stahl & Friedrich Hesse,editorial,"The core features of CSCL: Social situation, collaborative knowledge processes and their design"
ijCSCL_1_1_1,Andrea Kienle & Martin Wessner,,"The CSCL community in its ﬁrst decade: development, continuity, connectivity"
ijCSCL_5_1_0,Gerry Stahl & Friedrich Hesse,editorial,The CSCL field matures
ijCSCL_9_1_1,Sue Timmis,,The dialectical potential of Cultural Historical Activity Theory for researching sustainable CSCL practices
ijCSCL_3_3_4,Judith Schoonenboom,,The effect of a script and a structured interface in grounding discussions
manifest:10.1007/s11412-021-09350-w,,,The impact of a gamified mobile question-asking app on museum visitor group interactions: an ICAP framing
ijCSCL_10_2_1,Martin Rehm & Wim Gijselaers & Mien Segers,,The impact of hierarchical positions on communities of learning
ijCSCL_6_3_7,Francesca Pozzi,,The impact of scripted roles on online collaborative learning processes
manifest:10.1007/s11412-022-09381-x,,,The impact of scripts on blended and online socially shared regulation of learning: A role-playing game theory perspective
ijCSCL_4_2_1,Murat Perit Çakır & Alan Zemel & Gerry Stahl,,The joint organization of interaction within a multimodal CSCL medium
ijCSCL_6_1_5,Michael Glassman & Min Ju Kang,,The logic of wikis: The possibilities of the Web 2.0 classroom
ijCSCL_3_1_0,Gerry Stahl & Friedrich Hesse,editorial,The many levels of CSCL
ijCSCL_3_1_1,Pierre Dillenbourg & Fabrice Hong,,The mechanics of CSCL macro scripts
manifest:10.1007/s11412-023-09390-4,,,The mechanism and effect of class-wide peer feedback on conceptual knowledge improvement: Does different feedback type matter?
ijCSCL_9_3_1,Crina Damsa,,The multi-layered nature of small-group learning: Productive interactions in object-oriented collaboration Crina I. Damşa
ijCSCL_7_1_3,Kenneth Silseth,,The multivoicedness of game play: Exploring the unfolding of a student’s learning trajectory in a gaming context at school
ijCSCL_3_1_4,Ulrike Cress,,The need for considering multilevel analysis in CSCL research—An appeal for the use of more advanced statistical methods
ijCSCL_10_1_2,Andrea Forte,,The new information literate: Open collaboration and information production in schools
manifest:10.1007/s11412-018-9287-9,,,The opportunities of networks of research-practice partnerships and why CSCL should not give up on large-scale educational change
ijCSCL_4_1_1,Diana Laurillard,,The pedagogical challenges to collaborative technologies
manifest:10.1007/s11412-024-09424-5,,,The perceptions of task cohesion in collaborative learning teams
ijCSCL_4_1_5,Annika Lantz-Andersson,,The power of natural frameworks: Technology and the question of agency in CSCL settings
manifest:10.1007/s11412-020-09335-1,,,The richness of CSCL environments
ijCSCL_3_4_2,Andreas Lund & Ingvill Rasmussen,,The right tool for the wrong task? Match and mismatch between first and second stimulus in double stimulation
manifest:10.1007/s11412-023-09411-2,,,The role of first-language heterogeneity in the acquisition of online interaction self-efficacy in CSCL
ijCSCL_2_4_4,Baruch B. Schwarz & Amnon Glassner,,The role of floor control and of ontology in argumentative activities with discussion-based tools
ijCSCL_7_1_7,Javier Onrubia & Anna Engel,,The role of teacher assistance on the effects of a macro-script in collaborative writing tasks
ijCSCL_6_1_1,Chee-Kit Looi & Hyo-Jeong So & Yancy Toh & Wenli Chen,,"The Singapore experience: Synergy of national policy, classroom practice and design research"
manifest:10.1007/s11412-021-09338-6,,,The spiral model of collaborative knowledge improvement: an exploratory study of a networked collaborative classroom
ijCSCL_3_2_0,Gerry Stahl,editorial,The strength of the lone wolf
manifest:10.1007/s11412-016-9235-5,,,The symmetry of partner modelling
manifest:10.1007/s11412-023-09385-1,,,The temporal dynamics of online problem-based learning: Why and when sequence matters
manifest:10.1007/s11412-021-09355-5,,,The trade-off between individuals and groups: role interactions under different technology affordance conditions
manifest:10.1007/s11412-017-9262-x,,,"The value of learning talk: applying a novel dialogue scoring method to inform interaction design in an open-ended, embodied museum exhibit"
ijCSCL_4_3_1,Peter Reimann,,Time is precious: Variable- and event-centred approaches to process analysis in CSCL research
manifest:10.1007/s11412-016-9245-3,,,Toward a classification of discourse patterns in asynchronous online discussions
ijCSCL_5_1_4,Marc Clarà & Teresa Mauri,,Toward a dialectic relation between the results in CSCL: Three critical methodological aspects of content analysis schemes
ijCSCL_9_4_1,Bertrand Schneider & Roy Pea,,Toward collaboration sensing
manifest:10.1007/s11412-024-09435-2,,,Toward multimodal learning analytics in simulation-based collaborative learning: A design ethnography of maritime training
manifest:10.1007/s11412-019-09301-6,,,Towards a micro-ecological approach to CSCL
manifest:10.1007/s11412-016-9227-5,,,Tracing the change in discourse in a collaborative dynamic geometry environment: From visual to more mathematical
ijCSCL_8_2_0,Gerry Stahl,editorial,Transactive discourse in CSCL
ijCSCL_7_4_0,Gerry Stahl,editorial,Traversing planes of learning
ijCSCL_6_3_0,Gerry Stahl & Friedrich W. Hesse & Nancy Law,editorial,Tweets from #cscl2011
manifest:10.1007/s11412-025-09457-4,,,"Understanding collaborative programming dynamics: The role of prior knowledge, engagement and ICAP learning modes"
manifest:10.1007/s11412-023-09405-0,,,Understanding the effect of differences in prior knowledge on middle school students’ collaborative interactions and learning
manifest:10.1007/s11412-025-09447-6,,,Understanding the role of I-positions facilitating knowledge construction in a computer-supported collaborative learning environment
manifest:10.1007/s11412-025-09459-2,,,Understanding when anger becomes productive or destructive in collaborative educational games
manifest:10.1007/s11412-023-09395-z,,,Understanding young children’s science learning through embodied communication within an MR environment
manifest:10.1007/s11412-020-09318-2,,,Unpacking the relationship between existing and new measures of physiological synchrony and collaborative learning: a mixed methods study
ijCSCL_5_4_3,Sinem Siyahhan & Sasha A. Barab & Michael P. Downton,,Using activity theory to understand intergenerational play: The case of Family Quest
ijCSCL_2_4_1,Christine Greenhow & Brad Belbas,,Using activity-oriented design methods to study collaborative knowledge-building in e-learning courses within higher education
ijCSCL_7_4_3,Susan A. Yoon & Karen Elinich & Joyce Wang & Christopher Steinmeier & Sean Tucker,,Using augmented reality and knowledge-building scaffolds to improve learning in a science museum
manifest:10.1007/s11412-018-9285-y,,,Using big data techniques for measuring productive friction in mass collaboration online environments
manifest:10.1007/s11412-024-09437-0,,,Using generative ai as a simulation to support higher-order thinking
ijCSCL_2_2_6,Nathalie Muller Mirza & Valérie Tartas & Anne-Nelly Perret-Clermont & Jean-François de Pietro,,Using graphical tools in a phased activity for enhancing dialogical skills: An example with Digalo
manifest:10.1007/s11412-018-9271-4,,,Using technological functions on a multi-touch table and their affordances to counteract biases and foster collaborative problem solving
manifest:10.1007/s11412-017-9267-5,,,Visions of CSCL: eight provocations for the future of the field
manifest:10.1007/s11412-023-09384-2,,,Visions of the good in computer-supported collaborative learning: unpacking the ethical dimensions of design-based research
ijCSCL_8_3_1,Raija Hämäläinen & Bram De Wever,,Vocational education approach: New TEL settings—new prospects for teachers’ instructional activities?
ijCSCL_4_3_5,Nina Bonderup Dohn,,Web 2.0: Inherent tensions and evident challenges for education
ijCSCL_2_1_0,Gerry Stahl & Friedrich Hesse,editorial,Welcome to the future: ijCSCL volume 2
ijCSCL_3_1_2,Ingeborg Krange & Sten Ludvigsen,,What does it mean? Students’ procedural and conceptual problem solving in a CSCL environment designed within the field of science education
manifest:10.1007/s11412-016-9244-4,,,What happens when you push the button? Analyzing the functional dynamics of concept development in computer supported science inquiry
manifest:10.1007/s11412-019-09299-x,,,What information should CSCL teacher dashboards provide to help teachers interpret CSCL situations?
manifest:10.1007/s11412-018-9292-z,,,When coding-and-counting is not enough: using epistemic network analysis (ENA) to analyze verbal data in CSCL research
manifest:10.1007/s11412-018-9282-1,,,Why and how do middle school students exchange ideas during science inquiry?
ijCSCL_6_2_2,Manoli Pifarré & Judith Kleine Staarman,,Wiki-supported collaborative learning in primary education: How a dialogic space is created for thinking together
ijCSCL_4_4_1,Johann Ari Larusson & Richard Alterman,,Wikis to support the “collaborative” part of collaborative learning
ijCSCL_4_1_0,Gerry Stahl,editorial,Yes we can!
manifest:10.1007/s11412-016-9237-3,,,"You like it, you learn it: affectivity and learning in competitive social role play gaming"
manifest:10.1007/s11412-024-09422-7,,,Zooming in: The role of nonverbal behavior in sensing the quality of collaborative group engagement
manifest:10.1007/s11412-022-09365-x,,,‘Supporting socially shared regulation during collaborative task-oriented reading’
ijCSCL_9_4_4,Michelle E. Jordan & An-Chih Janne Cheng & Diane Schallert & Kwangok Song & SoonAh Lee & Yangjoo Park,,“I guess my question is”: What is the co-occurrence of uncertainty and learning in computer-mediated discourse?
manifest:10.1007/s11412-017-9266-6,,,“I think you just got mixed up”: confident peer tutors hedge to support partners’ face needs
ijCSCL_9_4_3,H. Smith Risser & SueAnn Bottoms,,“Newbies” and “Celebrities”: Detecting social roles in an online network of teachers via participation patterns
manifest:10.1007/s11412-017-9248-8,,,“This is the size of one meter”: Children’s bodily-material collaboration
