year,volume,issue,article_number,editorial,authors,title
2006,1,1,0,editorial,Gerry Stahl & Friedrich Hesse,ijCSCL—a journal for research in CSCL
2006,1,1,1,,Andrea Kienle & Martin Wessner,"The CSCL community in its ﬁrst decade: development, continuity, connectivity"
2006,1,1,2,,Chris Jones & Lone Dirckinck<Holmfeld & Berner Lindstro¨m,"A relational, indirect, meso-level approach to CSCL design in the next decade"
2006,1,1,3,,Eddy Y.C. Lee & Carol K.K. Chan & Jan van Aalst,Students assessing their own collaborative knowledge building
2006,1,1,4,,Jochen Rick & Mark Guzdial,Situating CoWeb: a scholarship of application
2006,1,1,5,,Hugo Fuks & Mariano Pimentel & Carlos Jose´ Pereira de Lucena,R-U-Typing-2-Me? Evolving a chat tool to increase understanding in learning activities
2006,1,1,6,,Rupert Wegerif,A dialogic understanding of the relationship between CSCL and teaching thinking skills
2006,1,2,0,editorial,Gerry Stahl & Friedrich Hesse,"Building knowledge in the classroom, building knowledge in the CSCL community"
2006,1,2,1,,Hans Christian Arnseth & Sten Ludvigsen,Approaching institutional contexts: Systemic versus dialogic research in CSCL
2006,1,2,2,,Yael Kali,Collaborative knowledge building using the Design Principles Database
2006,1,2,3,,Joyce Yukawa,Co-reﬂection in online learning: Collaborative critical thinking as narrative
2006,1,2,4,,Jun Oshima & Ritsuko Oshima & Isao Murayama & Shigenori Inagaki & Makiko Takenaka & Tomokazu Yamamoto & Etsuji Yamaguchi & Hayashi Nakayama,Knowledge-building activity structures in Japanese elementary science pedagogy
2006,1,2,5,,Jacques Lonchamp,"Supporting synchronous collaborative learning: A generic, multi-dimensional model"
2006,1,2,6,,Eddy Y.C. Lee & Carol K.K. Chan & Jan van Aalst,ERRATUM Students assessing their own collaborative knowledge building
2006,1,3,0,editorial,Gerry Stahl & Friedrich Hesse,EDITORIAL Focusing on participation in group meaning making
2006,1,3,1,,making: A research agenda for CSCL Daniel D. Suthers,Technology affordances for intersubjective meaning making: A research agenda for CSCL Daniel D. Suthers
2006,1,3,2,,J. van der Pol & W. Admiraal & P.R.J. Simons,The affordance of anchored discussion for the collaborative processing of academic texts
2006,1,3,3,,Tobin White,Code talk: Student discourse and participation with networked handhelds
2006,1,3,4,,AlejandraMartínez & Yannis Dimitriadis & Eduardo Gómez-Sánchez & Bartolomé Rubia-Avi & Iván Jorrín-Abellán & Jose A. Marcos,Studying participation networks in collaboration using mixed methods
2006,1,4,0,editorial,Gerry Stahl & Friedrich Hesse,Social practices of
2006,1,4,1,,Noel Enyedy & Christopher M. Hoadley,From dialogue to monologue and back: Middle spaces in computer-mediated learning
2006,1,4,2,,Joan Moss & Ruth Beatty,Knowledge building in mathematics: Supporting collaborative learning in pattern problems
2006,1,4,3,,Lynn Clouder & Jayne Dalley & Julian Hargreaves & Sally Parkes & Julie Sellars & Jane Toms,Electronic [re]constitution of groups: Group dynamics from face-to-face to an online setting
2006,1,4,4,,Nathan Dwyer & Daniel D. Suthers,Consistent practices in artifact-mediated collaboration
2007,2,1,0,editorial,Gerry Stahl & Friedrich Hesse,Welcome to the future: ijCSCL volume 2
2007,2,1,1,,Gerhard Fischer & Markus Rohde & Volker Wulf,"Community-based learning: The core competency of residential, research-based universities"
2007,2,1,2,,John M. Carroll & Umer Farooq,Patterns as a paradigm for theory in community-based learning
2007,2,1,3,,Anne Meier & Hans Spada & Nikol Rummel,A rating scheme for assessing the quality of computer-supported collaboration processes
2007,2,1,4,,Maarten de Laat & Vic Lally & Lasse Lipponen & Robert-Jan Simons,Investigating patterns of interaction in networked learning and
2007,2,1,5,,Liam Rourke & Heather Kanuka,Barriers to online critical discourse
2007,2,2,0,editorial,Gerry Stahl & Daniel D. Suthers & Friedrich Hesse,A double issue for CSCL 2007
2007,2,2,1,,Maarit Arvaja,Contextual perspective in analysing collaborative knowledge construction of two small groups in web-based discussion
2007,2,2,2,,Nilufar Baghaei & Antonija Mitrovic & Warwick Irwin,Supporting collaborative learning and problem-solving in a constraint-based CSCL environment for UML class diagrams
2007,2,2,3,,Marc Stadtler & Rainer Bromme,Dealing with multiple documents on the WWW: The role of metacognition in the formation of documents models
2007,2,2,4,,Lars Kobbe & Armin Weinberger & Pierre Dillenbourg & Andreas Harrer & Raija Hämäläinen & Päivi Häkkinen & Frank Fischer,Specifying computer-supported collaboration scripts
2007,2,2,5,,Tammy Schellens & Hilde Van Keer & Bram De Wever & Martin Valcke,Scripting by assigning roles: Does it improve knowledge construction in asynchronous discussion groups?
2007,2,2,6,,Nathalie Muller Mirza & Valérie Tartas & Anne-Nelly Perret-Clermont & Jean-François de Pietro,Using graphical tools in a phased activity for enhancing dialogical skills: An example with Digalo
2007,2,2,7,,Kristine Lund & Gaëlle Molinari & Arnauld Séjourné & Michael Baker,How do argumentation diagrams compare when student pairs use them as a means for debate or as a tool for representing debate?
2007,2,2,8,,Baruch B. Schwarz & Reuma De Groot,Argumentation in a changing world
2007,2,2,9,,Michael Baker & Jerry Andriessen & Kristine Lund & Marie van Amelsvoort & Matthieu Quignard,Rainbow: A framework for analysing computer-mediated pedagogical debates
2007,2,4,0,editorial,Gerry Stahl,CSCL and its flash themes
2007,2,4,1,,Christine Greenhow & Brad Belbas,Using activity-oriented design methods to study collaborative knowledge-building in e-learning courses within higher education
2007,2,4,2,,Giasemi N. Vavoula & Mike Sharples,Future technology workshop: A collaborative method for the design of new learning technologies and activities
2007,2,4,3,,Karsten Stegmann & Armin Weinberger & Frank Fischer,Facilitating argumentative knowledge construction with computer-supported collaboration scripts
2007,2,4,4,,Baruch B. Schwarz & Amnon Glassner,The role of floor control and of ontology in argumentative activities with discussion-based tools
2007,2,4,5,,E. Michael Nussbaum & Denise L. Winsor & Yvette M. Aqui & Anne M. Poliquin,Putting the pieces together: Online argumentation vee diagrams enhance thinking during discussions
2008,3,1,0,editorial,Gerry Stahl & Friedrich Hesse,The many levels of CSCL
2008,3,1,1,,Pierre Dillenbourg & Fabrice Hong,The mechanics of CSCL macro scripts
2008,3,1,2,,Ingeborg Krange & Sten Ludvigsen,What does it mean? Students’ procedural and conceptual problem solving in a CSCL environment designed within the field of science education
2008,3,1,3,,Bernhard Nett,A Community of Practice among tutors enabling student participation in a seminar preparation
2008,3,1,4,,Ulrike Cress,The need for considering multilevel analysis in CSCL research—An appeal for the use of more advanced statistical methods
2008,3,1,5,,Joachim Kimmerle & Ulrike Cress,Group awareness and self-presentation in computer-supported information exchange
2008,3,2,0,editorial,Gerry Stahl,The strength of the lone wolf
2008,3,2,1,,Ulrike Cress & Joachim Kimmerle,A systemic and cognitive view on collaborative knowledge building with wikis
2008,3,2,2,,Jürgen Buder & Daniel Bodemer,Supporting controversial CSCL discussions with augmented group awareness tools
2008,3,2,3,,Joanna Wolfe,Annotations and the collaborative digital library: Effects of an aligned annotation interface on student argumentation and reading strategies
2008,3,2,4,,Maarten Overdijk & Wouter van Diggelen,Appropriation of a shared workspace: Organizing principles and their application
2008,3,2,5,,Pierre Tchounikine,Operationalizing macro-scripts in CSCL technological settings
2008,3,3,0,editorial,Gerry Stahl & Friedrich Hesse,Explorations of participation in discourse
2008,3,3,1,,Carolyn Rosé & Yi-Chia Wang & Yue Cui & Jaime Arguello & Karsten Stegmann & Armin Weinberger & Frank Fischer,Analyzing collaborative learning processes automatically: Exploiting the advances of computational linguistics in
2008,3,3,2,,Thomas Herrmann & Andrea Kienle,Context-oriented communication and the design of computer-supported discursive learning
2008,3,3,3,,Nancy Ares,Cultural practices in networked classroom learning environments
2008,3,3,4,,Judith Schoonenboom,The effect of a script and a structured interface in grounding discussions
2008,3,3,5,,Diler Oner,Supporting students’ participation in authentic proof activities in computer supported collaborative learning (CSCL) environments Diler Öner
2008,3,3,6,editorial,Gerry Stahl,Book review: Exploring thinking as communicating in CSCL
2008,3,4,0,editorial,Gerry Stahl & Friedrich Hesse,CSCL practices
2008,3,4,1,,David Hung & Kenneth Y. T. Lim & Der-Thanq Victor Chen & Thiam Seng Koh,Leveraging online communities in fostering adaptive schools
2008,3,4,2,,Andreas Lund & Ingvill Rasmussen,The right tool for the wrong task? Match and mismatch between first and second stimulus in double stimulation
2008,3,4,3,,Brian C. Nelson & Diane Jass Ketelhut,Exploring embedded guidance and self-efficacy in educational multi-user virtual environments
2008,3,4,4,,Fengfeng Ke,Alternative goal structures for computer game-based learning
2008,3,4,5,,Gijsbert Erkens & Jeroen Janssen,Automatic coding of dialogue acts in collaboration protocols
2009,4,1,0,editorial,Gerry Stahl,Yes we can!
2009,4,1,1,,Diana Laurillard,The pedagogical challenges to collaborative technologies
2009,4,1,2,,Manu Kapur & Charles K. Kinzer,Productive failure in CSCL groups
2009,4,1,3,,Deborah A. Fields & Yasmin B. Kafai,A connective ethnography of peer knowledge sharing and diffusion in a tween virtual world
2009,4,1,4,,Nikol Rummel & Hans Spada & Sabine Hauser,Learning to collaborate while being scripted or by observing a model
2009,4,1,5,,Annika Lantz-Andersson,The power of natural frameworks: Technology and the question of agency in CSCL settings
2009,4,2,0,editorial,Gerry Stahl & Friedrich Hesse,Practice perspectives in CSCL
2009,4,2,1,,Murat Perit Çakır & Alan Zemel & Gerry Stahl,The joint organization of interaction within a multimodal CSCL medium
2009,4,2,2,,Nina Bonderup Dohn,Affordances revisited: Articulating a Merleau-Pontian view
2009,4,2,3,,Norm Friesen,Genre and CSCL: The form and rhetoric of the online posting
2009,4,2,4,,Hanni Muukkonen & Minna Lakkala,Exploring metaskills of knowledge-creating inquiry in higher education
2009,4,2,5,,Kai Hakkarainen,A knowledge-practice perspective on technology-mediated learning
2009,4,3,0,editorial,Gerry Stahl & Friedrich Hesse,Classical dialogs in CSCL
2009,4,3,1,,Peter Reimann,Time is precious: Variable- and event-centred approaches to process analysis in CSCL research
2009,4,3,2,,"construction, and knowledge-creation discourses Jan van Aalst","Distinguishing knowledge-sharing, knowledge- construction, and knowledge-creation discourses Jan van Aalst"
2009,4,3,3,,Jacques Lonchamp,A three-level analysis of collaborative learning in dual-interaction spaces
2009,4,3,4,,Asta Cekaite,Collaborative corrections with spelling control: Digital resources and peer assistance
2009,4,3,5,,Nina Bonderup Dohn,Web 2.0: Inherent tensions and evident challenges for education
2009,4,4,0,editorial,Gerry Stahl & Friedrich Hesse,Paradigms of shared knowledge
2009,4,4,1,,Johann Ari Larusson & Richard Alterman,Wikis to support the “collaborative” part of collaborative learning
2009,4,4,2,,David Birchfield & Colleen Megowan-Romanowicz,Earth science learning in SMALLab: A design experiment for mixed reality
2009,4,4,3,,Gustav Lymer & Jonas Ivarsson & Oskar Lindwall,Contrasting the use of tools for presentation and critique: Some cases from architectural education
2009,4,4,4,,Seiji Isotani & Akiko Inaba & Mitsuru Ikeda & Riichiro Mizoguchi,An ontology engineering approach to the realization of theory-driven group formation
2010,5,1,0,editorial,Gerry Stahl & Friedrich Hesse,The CSCL field matures
2010,5,1,1,,Daniel D. Suthers & Nathan Dwyer & Richard Medina & Ravi Vatrapu,"A framework for conceptualizing, representing, and analyzing distributed interaction"
2010,5,1,2,,Oliver Scheuer & Frank Loll & Niels Pinkwart & Bruce M. McLaren,Computer-supported argumentation: A review of the state of the art
2010,5,1,3,,Eva Mary Bures & Philip C. Abrami & Richard F. Schmid,Exploring whether students’ use of labelling depends upon the type of activity
2010,5,1,4,,Marc Clarà & Teresa Mauri,Toward a dialectic relation between the results in CSCL: Three critical methodological aspects of content analysis schemes
2010,5,2,0,editorial,Gerry Stahl & Friedrich Hesse,A prism of CSCL research
2010,5,2,1,,Andri Ioannidou & Alexander Repenning & David Webb & Diane Keyser & Lisa Luhn & Christof Daetwyler,Mr. Vetro: A Collective Simulation for teaching health science
2010,5,2,2,,Goran Karlsson,Animation and grammar in science education: Learners’ construal of animated educational software Göran Karlsson
2010,5,2,3,,Joerg M. Haake & Hans-Rüdiger Pfister,Scripting a distance-learning university course: Do students benefit from net-based scripted collaboration?
2010,5,2,4,,Julia Gressick & Sharon J. Derry,Distributed leadership in online groups
2010,5,2,5,,Manoli Pifarre & Ruth Cobos,Promoting metacognitive skills through peer scaffolding in a CSCL environment
2010,5,3,0,editorial,Gerry Stahl,Guiding group cognition in CSCL
2010,5,3,1,,Christa S. C. Asterhan & Baruch B. Schwarz,Online moderation of synchronous e-argumentation
2010,5,3,2,,Jingyan Lu & Susanne P. Lajoie & Jeffrey Wiseman,Scaffolding problem-based learning with CSCL tools
2010,5,3,3,,Tanja Engelmann & Friedrich W. Hesse,How digital concept maps about the collaborators’ knowledge and information influence computer-supported collaborative problem solving
2010,5,3,4,,Christof Wecker & Karsten Stegmann & Florian Bernstein & Michael J. Huber & Georg Kalus & Ingo Kollar & Sabine Rathmayer & Frank Fischer,S-COL: A Copernican turn for the development of flexibly reusable collaboration scripts
2010,5,3,5,,Anne Gerdes,Revealing preconditions for trustful collaboration in CSCL
2010,5,4,0,editorial,Gerry Stahl & Friedrich Hesse,Beyond folk theories of CSCL
2010,5,4,1,,Ruth Kershner & Neil Mercer & Paul Warwick & Judith Kleine Staarman,Can the interactive whiteboard support young children’s collaborative communication and thinking in classroom science activities?
2010,5,4,2,,Meng Yew Tee & Dennis Karney,Sharing and cultivating tacit knowledge in an online learning environment
2010,5,4,3,,Sinem Siyahhan & Sasha A. Barab & Michael P. Downton,Using activity theory to understand intergenerational play: The case of Family Quest
2010,5,4,4,,Maria Beatrice Ligorio & Giuseppe Ritella,The collaborative construction of chronotopes during computer-supported collaborative professional tasks
2011,6,1,0,editorial,Gerry Stahl & Friedrich Hesse,CSCL in Asia
2011,6,1,1,,Chee-Kit Looi & Hyo-Jeong So & Yancy Toh & Wenli Chen,"The Singapore experience: Synergy of national policy, classroom practice and design research"
2011,6,1,2,,Manu Kapur,Temporality matters: Advancing a method for analyzing problem-solving processes in a computer-supported collaborative environment
2011,6,1,3,,Suneeta A. Pathak & Beaumie Kim & Michael J. Jacobson & Baohui Zhang,Learning the physics of electricity: A qualitative analysis of collaborative processes involved in productive failure
2011,6,1,4,,Zi-gang Ge,Exploring e-learners' perceptions of net-based peer-reviewed English writing
2011,6,1,5,,Michael Glassman & Min Ju Kang,The logic of wikis: The possibilities of the Web 2.0 classroom
2011,6,1,6,,Baruch B. Schwarz & Yaron Schur & Haim Pensso & Naama Tayer,Perspective taking and synchronous argumentation for learning the day/night cycle
2011,6,2,0,editorial,Gerry Stahl & Friedrich Hesse,Let a hundred flowers bloom; let a hundred schools of thought contend
2011,6,2,1,,Carol Chan,Bridging research and practice: Implementing and sustaining knowledge building in Hong Kong classrooms Carol K. K. Chan
2011,6,2,2,,Manoli Pifarré & Judith Kleine Staarman,Wiki-supported collaborative learning in primary education: How a dialogic space is created for thinking together
2011,6,2,3,,Robert L. Jorczak,An information processing perspective on divergence and convergence in collaborative learning Robert L. Jorczak
2011,6,2,4,,Bas Kolloffel & Tessa H. S. Eysink & Ton de Jong,Comparing the effects of representational tools in collaborative and individual inquiry learning
2011,6,2,5,,Michael A. Evans & Eliot Feenstra & Emily Ryon & David McNeill,"A multimodal approach to coding discourse: Collaboration, distributed cognition, and geometric reasoning"
2011,6,2,6,,Erin Walker & Nikol Rummel & Kenneth R. Koedinger,Designing automated adaptive support to improve student helping behaviors in a peer tutoring activity
2011,6,2,7,,Ulrike Cress & Katrin Wodzicki & Martina Bientzle & Andreas Lingnau,CSCL for intellectually disabled pupils: Stimulating interaction by using a floor control mechanism
2011,6,3,0,editorial,Gerry Stahl & Friedrich W. Hesse & Nancy Law,Tweets from #cscl2011
2011,6,3,1,,Cliff Lampe & Donghee Yvette Wohn & Jessica Vitak & Nicole B. Ellison & Rick Wash,Student use of Facebook for organizing collaborative classroom activities
2011,6,3,2,,Fengfeng Ke & Alicia F. Chávez & Pei-Ni L. Causarano & Antonio Causarano,Identity presence and knowledge building: Joint emergence in online learning environments?
2011,6,3,3,,Hao-Chuan Wang & Carolyn P. Rosé & Chun-Yen Chang,Agent-based dynamic support for learning from collaborative brainstorming in scientific inquiry
2011,6,3,4,,Shiou-Wen Yeh & Jia-Jiunn Lo & Jeng-Jia Huang,Scaffolding collaborative technical writing with procedural facilitation and synchronous discussion
2011,6,3,5,,Dejana Mullins & Nikol Rummel & Hans Spada,Are two heads always better than one? Differential effects of collaboration on students’ computer-supported learning in mathematics
2011,6,3,6,,Alyssa Friend Wise & Ming Ming Chiu,Analyzing temporal patterns of knowledge construction in a role-based online discussion
2011,6,3,7,,Francesca Pozzi,The impact of scripted roles on online collaborative learning processes
2011,6,4,0,editorial,Gerry Stahl,Collaborating around the tabletop
2011,6,4,1,,Pierre Dillenbourg & Michael Evans,Interactive tabletops in education
2011,6,4,2,,Steven E. Higgins & Emma Mercier & Elizabeth Burd & Andrew Hatch,Multi-touch tables and the relationship with collaborative classroom pedagogies: A synthetic review
2011,6,4,3,,Taciana Pontual Falcão & Sara Price,Interfering and resolving: How tabletop interaction facilitates co-construction of argumentative knowledge
2011,6,4,4,,Eyal Szewkis & Miguel Nussbaum & Tal Rosen & Jose Abalos & Fernanda Denardin & Daniela Caballero & Arturo Tagle & Cristian Alcoholado,Collaboration within large groups in the classroom
2011,6,4,5,,Giulia Gelmini-Hornsby & Shaaron Ainsworth & Claire O’Malley,Guided reciprocal questioning to support children’s collaborative storytelling
2011,6,4,6,,Inge Molenaar & Ming Ming Chiu & Peter Sleegers & Carla van Boxtel,Scaffolding of small groups’ metacognitive activities with an avatar
2011,6,4,7,,Donatella Cesareni & Francesca Martini & Ilaria Mancini,"Building a community among teachers, researchers and university students. A blended approach to training"
2012,7,1,0,editorial,Gerry Stahl,Ethnomethodologically informed
2012,7,1,1,,Christian Greiffenhagen,Making rounds: The routine work of the teacher during collaborative learning with computers
2012,7,1,2,,Ulrika Bennerstedt & Jonas Ivarsson & Jonas Linderoth,How gamers manage aggression: Situating skills in collaborative computer games
2012,7,1,3,,Kenneth Silseth,The multivoicedness of game play: Exploring the unfolding of a student’s learning trajectory in a gaming context at school
2012,7,1,4,,Maarit Arvaja,Personal and shared experiences as resources for meaning making in a philosophy of science course
2012,7,1,5,,Sarah Pollack & Yifat Ben-David Kolikant,Collaboration amidst disagreement and moral judgment: The dynamics of Jewish and Arab students’ collaborative inquiry of their joint past
2012,7,1,6,,Yangjie Song & Chee-Kit Looi,"Linking teacher beliefs, practices and student inquiry-based learning in a CSCL environment: A tale of two teachers"
2012,7,1,7,,Javier Onrubia & Anna Engel,The role of teacher assistance on the effects of a macro-script in collaborative writing tasks
2012,7,2,0,editorial,Gerry Stahl,Cognizing mediating: Unpacking the entanglement of artifacts with collective minds
2012,7,2,1,,Maarten Overdijk & Wouter van Diggelen & Paul A. Kirschner & Michael Baker,Connecting agents and artifacts in CSCL: Towards a rationale of mutual shaping
2012,7,2,2,,Jacques Lonchamp,An instrumental perspective on CSCL systems
2012,7,2,3,,Giuseppe Ritella & Kai Hakkarainen,Instrumental genesis in technology-mediated learning: From double stimulation to expansive knowledge practices
2012,7,2,4,,Carmen Zahn & Karsten Krauskopf & Friedrich W. Hesse & Roy Pea,How to improve collaborative learning with video tools in the classroom? Social vs. cognitive guidance for student teams
2012,7,2,5,,Jin Mu & Karsten Stegmann & Elijah Mayfield & Carolyn Rosé & Frank Fischer,The ACODEA framework: Developing segmentation and classification schemes for fully automatic analysis of online discussions
2012,7,2,6,,Nikol Rummel & Dejana Mullins & Hans Spada,Scripted collaborative learning with the cognitive tutor algebra
2012,7,3,0,editorial,Gerry Stahl & Nancy Law & Friedrich Hesse,An international research community
2012,7,3,1,,Noel Enyedy & Joshua A. Danish & Girlie Delacruz & Melissa Kumar,Learning physics through play in an augmented reality environment
2012,7,3,2,,Kim MacKinnon,Context matters: The value of analyzing human factors within educational contexts as a way of informing technology-related decisions within design research
2012,7,3,3,,Eun Mee Lim,Patterns of kindergarten children’s social interaction with peers in the computer area
2012,7,3,4,,Mingzhu Qiu & Jim Hewitt & Clare Brett,"Online class size, note reading, note writing and collaborative discourse"
2012,7,3,5,,Mar Pérez-Sanagustín & Patricia Santos & Davinia Hernández-Leo & Josep Blat,4SPPIces: A case study of factors in a scripted collaborative-learning blended course across spatial locations
2012,7,4,0,editorial,Gerry Stahl,Traversing planes of learning
2012,7,4,1,,Jacques Lonchamp,Computational analysis and mapping of ijCSCL content
2012,7,4,2,,Markus Nivala & Hans Rystedt & Roger Säljö & Pauliina Kronqvist & Erno Lehtinen,Interactive visual tools as triggers of collaborative reasoning in entry-level pathology
2012,7,4,3,,Susan A. Yoon & Karen Elinich & Joyce Wang & Christopher Steinmeier & Sean Tucker,Using augmented reality and knowledge-building scaffolds to improve learning in a science museum
2012,7,4,4,,Chia-Ching Lin & Chin-Chung Tsai,Participatory learning through behavioral and cognitive engagements in an online collective information searching activity
2012,7,4,5,,Péricles Sobreira & Pierre Tchounikine,A model for flexibly editing CSCL scripts
2013,8,1,0,,Diler Oner,Analyzing group coordination when solving geometry problems with dynamic geometry software
2013,8,1,1,editorial,Gerry Stahl,Learning across levels
2013,8,1,2,,Magnus Hontvedt & Hans Christian Arnseth,On the bridge to learn: Analysing the social organization of nautical instruction in a ship simulator
2013,8,1,3,,Anniken Furberg & Anders Kluge & Sten Ludvigsen,Student sensemaking with science diagrams in a computer-based setting
2013,8,1,4,,Alan Zemel & Timothy Koschmann,Recalibrating reference within a dual-space interaction environment
2013,8,1,5,,Evren Eryilmaz & Jakko van der Pol & Terry Ryan & Philip Martin Clark & Justin Mary,Enhancing student knowledge acquisition from online learning conversations
2013,8,2,0,editorial,Gerry Stahl,Transactive discourse in CSCL
2013,8,2,1,,Richard Alterman · Johann Ari Larusson,
2013,8,2,2,,Omid Noroozi & Stephanie D. Teasley & Harm J. A. Biemans & Armin Weinberger & Martin Mulder,Facilitating learning in multidisciplinary groups with transactive CSCL scripts
2013,8,2,3,,Florencia Gómez & Miguel Nussbaum & Juan F. Weitz & Ximena Lopez & Javiera Mena & Alex Torres,Co-located single display collaborative learning for early childhood education
2013,8,2,4,,Gahgene Gweon & Mahaveer Jain & John McDonough & Bhiksha Raj & Carolyn P. Rosé,Measuring prevalence of other-oriented transactive contributions using an automated measure of speech style accommodation
2013,8,3,0,editorial,Gerry Stahl & Nancy Law & Friedrich Hesse,Collaborative Learning at CSCL 2013
2013,8,3,1,,Raija Hämäläinen & Bram De Wever,Vocational education approach: New TEL settings—new prospects for teachers’ instructional activities?
2013,8,3,2,,Annika Lantz-Andersson & Sylvi Vigmo & Rhonwen Bowen,Crossing boundaries in Facebook: Students’ framing of language learning activities as extended spaces
2013,8,3,3,,Meng Yew Tee & Shuh Shing Lee,Advancing understanding using Nonaka’s model of knowledge creation and problem-based learning
2013,8,3,4,,Armin Weinberger & Miika Marttunen & Leena Laurinen & Karsten Stegmann,Inducing socio-cognitive conflict in Finnish and German groups of online learners by CSCL script
2013,8,3,5,,M. Beatrice Ligorio & Fedela Feldia Loperfido & Nadia Sansone,Dialogical positions as a method of understanding identity trajectories in a collaborative blended university course
2013,8,4,0,editorial,Gerry Stahl & Nancy Law & Friedrich Hesse,Reigniting CSCL flash themes
2013,8,4,1,,Bertrand Schneider & Roy Pea,Real-time mutual gaze perception enhances collaborative learning and collaboration quality
2013,8,4,2,,Esra Alagoz,Social argumentation in online synchronous communication
2013,8,4,3,,Hannie Gijlers & Armin Weinberger & Alieke Mattia van Dijk & Lars Bollen & Wouter van Joolingen,Collaborative drawing on a shared digital canvas in elementary science education: The effects of script and task awareness support
2013,8,4,4,,Roberto Martinez-Maldonado & Yannis Dimitriadis & Alejandra Martinez-Monés & Judy Kay & Kalina Yacef,Capturing and analyzing verbal and physical collaborative learning interactions at an enriched interactive tabletop
2014,9,1,0,editorial,Gerry Stahl & Ulrike Cress & Nancy Law & Sten Ludvigsen,Analyzing the multidimensional construction of knowledge in diverse contexts
2014,9,1,1,,Sue Timmis,The dialectical potential of Cultural Historical Activity Theory for researching sustainable CSCL practices
2014,9,1,3,,Katerine Bielaczyc & John Ow,Multi-player epistemic games: Guiding the enactment of classroom knowledge-building communities
2014,9,1,4,,Iassen Halatchliyski & Johannes Moskaliuk & Joachim Kimmerle & Ulrike Cress,Explaining authors’ contribution to pivotal artifacts during mass collaboration in the Wikipedia’s knowledge base
2014,9,2,0,editorial,Gerry Stahl & Ulrike Cress & Sten Ludvigsen & Nancy Law,Dialogic foundations of CSCL
2014,9,2,1,,Stefan Trausan-Matu & Mihai Dascalu & Traian Rebedea,PolyCAFe—automatic support for the polyphonic analysis of CSCL chats
2014,9,2,2,,Benzi Slakmon & Baruch B. Schwarz,Disengaged students and dialogic learning: the role of CSCL affordances
2014,9,2,3,,Alyssa Friend Wise & Simone Nicole Hausknecht & Yuting Zhao,Attending to others’ posts in asynchronous discussions: Learners’ online “listening” and its relationship to speaking
2014,9,2,4,,Tanja Engelmann & Richard Kolodziej & Friedrich W. Hesse,Preventing undesirable effects of mutual trust and the development of skepticism in virtual groups by applying the knowledge and information awareness approach
2014,9,3,0,editorial,Gerry Stahl & Sten Ludvigsen & Nancy Law & Ulrike Cress,CSCL artifacts
2014,9,3,1,,Crina Damsa,The multi-layered nature of small-group learning: Productive interactions in object-oriented collaboration Crina I. Damşa
2014,9,3,2,,Maarten Overdijk & Wouter van Diggelen & Jerry Andriessen & Paul A. Kirschner,How to bring a technical artifact into use: A micro-developmental perspective
2014,9,3,3,,Heisawn Jeong & Cindy E. Hmelo-Silver & Yawen Yu,An examination of CSCL methodological practices and the influence of theoretical frameworks 2005–2009
2014,9,3,4,,Kai-Yu Tang & Chin-Chung Tsai & Tzu-Chiang Lin,Contemporary intellectual structure of CSCL research (2006–2013): a co-citation network analysis with an education focus
2014,9,4,0,editorial,Gerry Stahl & Nancy Law & Ulrike Cress & Sten Ludvigsen,Analyzing roles of individuals in small-group collaboration processes
2014,9,4,1,,Bertrand Schneider & Roy Pea,Toward collaboration sensing
2014,9,4,2,,Emma M. Mercier & Steven E. Higgins & Laura da Costa,Different leaders: Emergent organizational and intellectual leadership in children’s collaborative learning groups
2014,9,4,3,,H. Smith Risser & SueAnn Bottoms,“Newbies” and “Celebrities”: Detecting social roles in an online network of teachers via participation patterns
2014,9,4,4,,Michelle E. Jordan & An-Chih Janne Cheng & Diane Schallert & Kwangok Song & SoonAh Lee & Yangjoo Park,“I guess my question is”: What is the co-occurrence of uncertainty and learning in computer-mediated discourse?
2015,10,1,0,editorial,Sten Ludvigsen & Gerry Stahl & Nancy Law & Ulrike Cress,From the editors: Collaboration and the formation of new knowledge artifacts
2015,10,1,1,,Noel Enyedy & Joshua A. Danish & David DeLiema,Constructing liminal blends in a collaborative augmented-reality learning environment
2015,10,1,2,,Andrea Forte,The new information literate: Open collaboration and information production in schools
2015,10,1,3,,Pryce Davis & Michael Horn & Florian Block & Brenda Phillips & E. Margaret Evans & Judy Diamond & Chia Shen,BWhoa! We’re going deep in the trees!^: Patterns of collaboration around an interactive information visualization exhibit
2015,10,1,4,,Yun Wen & Chee-Kit Looi & Wenli Chen,Appropriation of a representational tool in a second-language classroom
2015,10,2,0,editorial,Gerry Stahl & Friedrich Hesse,"The core features of CSCL: Social situation, collaborative knowledge processes and their design"
2015,10,2,1,,Martin Rehm & Wim Gijselaers & Mien Segers,The impact of hierarchical positions on communities of learning
2015,10,2,2,,Jian-Wei Lin1 & Li-Jung Mai2 & Yung-Cheng Lai1,Peer interaction and social network analysis of online communities with the support of awareness of different contexts
2015,10,2,3,,Tuya Siqin & Jan van Aalst & Samuel Kai Wah Chu,Fixed group and opportunistic collaboration in a CSCL environment
2015,10,2,4,,Sebastien Cuendet & Jessica Dehler-Zufferey & Giulia Ortoleva & Pierre Dillenbourg,An integrated way of using a tangible user interface in a classroom
2015,10,3,0,editorial,Gerry Stahl,Conceptualizing the intersubjective group
2015,10,3,1,,Michael Hammond,A Habermasian perspective on joint meaning making online: What does it offer and what are the difficulties?
2015,10,3,2,,Baruch B. Schwarz1 & Reuma de Groot1 & Manolis Mavrikis2 & Toby Dragon3,Learning to learn together with CSCL tools
2015,10,3,3,,Suparna Sinha1 & Toni Kempler Rogat2 & Karlyn R. Adams-Wiggins1 & Cindy E. Hmelo-Silver3,Collaborative group engagement in a computer-supported inquiry learning environment
2015,10,3,4,,Monica Resendes1 & Marlene Scardamalia1 & Carl Bereiter1 & Bodong Chen2 & Cindy Halewood3,Group-level formative feedback and metadiscourse
2015,10,4,0,editorial,Gerry Stahl,A decade of CSCL
2015,10,4,1,,Bodong Chen1 & Marlene Scardamalia2 & Carl Bereiter2,Advancing knowledge‐building discourse through judgments of promising ideas
2015,10,4,2,,Owen M. Harney1 & Michael J. Hogan1 & Benjamin Broome2 & Tony Hall1 & Cormac Ryan1,"Investigating the effects of prompts on argumentation style, consensus and perceived efficacy in collaborative learning"
2015,10,4,3,,Mihai Dascalu1 & Stefan Trausan-Matu1 & Danielle S. McNamara2 & Philippe Dessus3,ReaderBench: Automated evaluation of collaboration based on cohesion and dialogism
2015,10,4,4,,Matthew Berland1 & Don Davis2 & Carmen Petrick Smith3,AMOEBA: Designing for collaboration in computer science classrooms through live learning analytics
2016,11,1,1,,Gerry Stahl,CSCL towards the future: The second decade of ijCSCL
2016,11,1,5,,Anniken Furberg,Teacher support in computer-supported lab work: bridging the gap between lab experiments and students’ conceptual understanding
2016,11,2,1,,Sten Ludvigsen,"CSCL: connecting the social, emotional and cognitive dimensions"
2016,11,3,1,,Sten Ludvigsen & Ulrike Cress & Nancy Law & Carolyn P. Rosé & Gerry Stahl,Future-looking conversations in CSCL
2016,11,3,3,,Yuqin Yang & Jan van Aalst & Carol K. K. Chan & Wen Tian,Reflective assessment in knowledge building by students with low academic achievement
2016,11,4,1,,Sten Ludvigsen & Ulrike Cress & Nancy Law & Carolyn P. Rosé & Gerry Stahl,Collaboration scripts and scaffolding
2016,11,4,4,,Jan van Aalst & Carol K. K. Chan Ella L. F. Fu,Toward a classification of discourse patterns in asynchronous online discussions
2017,12,1,1,,Nancy Law & Sten Ludvigsen & Ulrike Cress & Carolyn P. Rose,Fostering targeted group practices as a Core focus for CSCL task and technology design
2017,12,1,5,,Oskar Lindwall & Hans Rystedt Elin Johansson,"Experiences, appearances, and interprofessional training: The instructional use of video in post-simulation debriefings"
2017,12,2,1,,Sten Ludvigsen & Nancy Law & Carolyn P. Rose & Gerry Stahl,"Frameworks for mass collaboration, adaptable scripts, complex systems theory, and collaborative writing"
2017,12,3,1,,Carolyn P. Rosé & Sten Ludvigsen & Nancy Law & Ulrike Cress & Gerry Stahl,Divisive or facilitative: The two faces of technology in CSCL
2017,12,4,1,,Sten Ludvigsen & Ulrike Cress & Nancy Law & Gerry Stahl & Carolyn P. Rosé,Future direction for the CSCL field: Methodologies and eight controversies
2018,13,1,1,,Sten Ludvigsen & Ulrike Cress & Nancy Law & Gerry Stahl & Carolyn P. Rosé,Multiple forms of regulation and coordination across levels in educational settings
2018,13,2,1,,Nancy Law & Carolyn P. Rose & Ulrike Cress & Sten Ludvigsen,"Different technologies, methodologies and epistemologies—is CSCL a community or communities?"
2018,13,2,5,,Paul A. Kirschner & John Sweller & Femke Kirschner & Jimmy Zambrano R,From Cognitive Load Theory to Collaborative Cognitive Load Theory
2018,13,3,1,,U. Cress & G. Stahl & C. Rose & N. Law & S. Ludvigsen,"Forming social systems by coupling minds at different levels of cognition: Design, tools, and research methods"
2018,13,4,1,,Sten Ludvigsen & Ulrike Cress & Carolyn P. Rosé & Nancy Law & Gerry Stahl,Developing understanding beyond the given knowledge and new methodologies for analyses in CSCL
2018,13,4,3,,Åsa Mäkitalo & Thomas Hillman Anne Solli,Rendering controversial socioscientific issues legible through digital mapping tools
2018,13,4,5,,Peter Holtz & Joachim Kimmerle & Ulrike Cress,Using big data techniques for measuring productive friction in mass collaboration online environments
2019,14,1,1,,Carolyn P. Rosé & Nancy Law & Ulrike Cress & Sten Ludvigsen,Highlighting tools and technologies for collaborative learning
2019,14,1,3,,Judith ter Vrugte & Anjo Anjewierden & Lars Bollen & Elise H. Eshuis Jakob Sikken & Ton de Jong,Improving the quality of vocational students’ collaboration and knowledge acquisition through instruction and joint reflection
2019,14,2,1,,U. Cress & C. P. Rosé & N. Law & S. Ludvigsen,Investigating the complexity of
2019,14,2,3,,Frank P. C. M. de Jong & Jan van Aalst & Natascha de Hoog & Hennie van Heijst Paul A. Kirschner,Socio-cognitive openness in online knowledge building discourse: does openness keep conversations going?
2019,14,3,1,,Camillia Matuk & Michael Tissenbaum,Real-time orchestrational technologies in
2019,14,3,2,,Anouschka van Leeuwen & Nikol Rummel & Tamara van Gog,What information should CSCL teacher dashboards provide to help teachers interpret CSCL situations?
2019,14,3,7,,Roberto Martinez-Maldonado,Correction to: A handheld classroom dashboard: teachers’ perspectives on the use of real-time collaborative learning analytics
2019,14,4,1,,Sten Ludvigsen & Rolf Steier After four years as Editor-in-Chief,"Reflections and looking ahead for CSCL: digital infrastructures, digital tools, and collaborative learning"
2019,14,4,2,,Hanna Järvenoja,Capturing the dynamic and cyclical nature of regulation: Methodological Progress in understanding socially shared regulation in learning
2019,14,4,4,,Eetu Haataja & Tapio Seppänen & Sanna Järvelä Jonna Malmberg The coordination of cognitive,"Are we together or not? The temporal interplay of monitoring, physiological arousal and physiological synchrony during a collaborative exam"
2020,15,1,1,,Carolyn Rosé & Sanna Järvelä & Sten Ludvigsen,Experiencing CSCL: from motivation to the embodied experience and beyond
2020,15,1,2,,Anika Radkowitsch & Freydis Vogel & Frank Fischer,"Good for learning, bad for motivation? A meta-analysis on the effects of computer-supported collaboration scripts"
2020,15,2,1,,Sanna Järvelä & Carolyn P. Rosé,Advocating for group interaction in the age of COVID-19
2020,15,2,5,,"Mohammed Saqr, et al. [full author details at the end of the article] The increasing use of digital learning tools and platforms in formal and informal",Capturing the participation and social dimensions of
2020,15,3,1,,Carolyn P. Rosé & Sanna Järvelä,Building community together: towards equitable CSCL practices and processes
2020,15,3,4,,Pirita Seitamaa-Hakkarainen & Kai Hakkarainen Sini Riikonen,Bringing maker practices to school: tracing discursive and materially mediated aspects of student teams’ collaborative making processes
2020,15,4,1,,Ulrike Cress1 It has been a year of transition and challenge for the journal and we are excited to bring you the,The richness of CSCL environments
2020,15,4,3,,Anu Kajamaa & Kristiina Kumpulainen,Students’ multimodal knowledge practices in a makerspace learning environment
2020,15,4,4,,Luis P. Prieto & Tobias Ley & Ton de Jong & María Jesús Rodríguez-Triana Denis Gillet,Social practices in teacher knowledge creation and innovation adoption: a large-scale study in an online instructional design community for inquiry learning
2020,15,4,5,,Yugo Hayashi,Gaze awareness and metacognitive suggestions by a pedagogical conversational agent: an experimental investigation on interventions to support collaborative learning process and performance
2021,16,1,1,,Nancy Law & Sanna Järvelä & Carolyn Rosé,Exploring multilayered collaboration designs
2021,16,1,4,,Sebastian Strauß & Nikol Rummel,Promoting regulation of equal participation in online collaboration by combining a group awareness tool and adaptive prompts. But does it even matter?
2021,16,2,1,,Sanna Järvelä & Carolyn Rosé,Forms of collaboration matters: CSCL across the contexts
2021,16,2,2,,Julia Eberle & Karsten Stegmann & Alain Barrat & Frank Fischer & Kristine Lund,Initiating scientific collaborations across career levels and disciplines – a network analysis on behavioral data
2021,16,2,4,,Lisa Ollesch & Sven Heimbuch & Daniel Bodemer,Improving learning and writing outcomes: Influence of cognitive and behavioral group awareness tools in wikis
2021,16,2,5,,Tarja Pietarinen & Tuire Palonen & Marja Vauras,Guidance in computer‑supported collaborative inquiry learning: Capturing aspects of affect and teacher support in science classrooms
2021,16,3,1,,Peter Reimann,Socio‑technical configurations for productive talk
2021,16,3,2,,Ishari Amarasinghe & Davinia Hernández‑Leo & H. Ulrich Hoppe,Deconstructing orchestration load: comparing teacher support through mirroring and guiding
2021,16,4,1,,Carolyn Rosé & Sanna Järvelä,"A theory‑driven reflection on context‑aware support for collaborative discussions in light of analytics, affordances, and platforms"
2021,16,4,2,,Mohammed Saqr & Sonsoles López-Pernas,Modelling diffusion in
2021,16,4,3,,Jauwairia Nasir & Aditi Kothiyal & Barbara Bruno,Many are the ways to learn identifying multi-modal behavioral profiles of collaborative learning in constructivist activities
2021,16,4,5,,Ting‑Chia Hsu & Hal Abelson & Evan Patton & Shih‑Chu Chen & Hsuan‑Ning Chang,Self‑efficacy and behavior patterns of learners using a real‑time collaboration system developed for group programming
2022,17,1,1,,Lenka Schnaubert & Freydis Vogel,"Integrating collaboration scripts, group awareness, and self‑regulation in computer‑supported collaborative learning"
2022,17,1,2,,Lenka Schnaubert & Daniel Bodemer,Group awareness and regulation in
2022,17,1,3,,Freydis Vogel & Ingo Kollar & Frank Fischer & Kristina Reiss & Stefan Ufer,Adaptable scaffolding of mathematical argumentation skills: The role of self‑regulation when scaffolded with CSCL scripts and heuristic worked examples
2022,17,1,4,,Jolique Kielstra & Inge Molenaar & Roel van Steensel & Ludo Verhoeven,‘Supporting socially shared regulation during collaborative task‑oriented reading’
2022,17,1,7,,Charles Crook,CSsCL: the performance of collaborative learning
2022,17,2,1,,Sanna Järvelä & Carolyn P. Rosé,Relations Matter – CSCL Research Informing and Developing CL Competencies
2022,17,2,2,,Shupin Li & Johanna Pöysä-Tarhonen & Päivi Häkkinen,Patterns of action transitions in online collaborative problem solving: A network analysis approach
2022,17,2,4,,Yuqin Yang & Gaoxia Zhu & Daner Sun & Carol K. K. Chan,Collaborative analytics-supported reflective Assessment for Scaffolding Pre-service Teachers’ collaborative Inquiry and Knowledge Building
2022,17,3,1,,Carolyn Rosé & Sanna Järvelä,Supporting perspective taking across chasms of thinking: Do real‑time analytics hold the key?
2022,17,4,1,,Sanna Järvelä & Carolyn P. Rose,Novel CSCL design processes prompted by exploration of role‑playing and emotions
2022,17,4,3,,Toshio Mochizuki & Hiroshi Sasaki & Takehiro Wakimoto & Yoshihiko Kubota & Brendan Eagan & Ryoya Hirayama & Yuta Yamaguchi & Natsumi Yuki & Hideo Funaoi & Hideyuki Suzuki & Hiroshi Kato,Mediating and perspective‑taking manipulatives: Fostering dynamic perspective‑taking by mediating dialogic thinking and bolstering empathy in role‑play and reflection for microteaching
2022,17,4,5,,Yuqin Yang & Gaoxia Zhu & Carol K. K. Chan,Evolution of the academic emotions of academically low‑achieving students in knowledge building
2023,18,1,0,editorial,Alyssa Friend Wise & Carolyn Rosé & Sanna Järvelä,Editorial: Nine elements for robust collaborative learning analytics: A constructive collaborative critique
2023,18,1,1,,Mohammed Saqr & Sonsoles López‑Pernas,The temporal dynamics of online problem‑based learning: Why and when sequence matters
2023,18,1,2,,Fan Ouyang & Weiqi Xu & Mutlu Cukurova,An artificial intelligence-driven learning analytics method to examine the collaborative problem-solving process from the complex adaptive systems perspective
2023,18,1,3,,Leonardo Silva & António Mendes & Anabela Gomes & Gabriel Fortes,Fostering regulation of learning processes among programming students using computational scaffolding
2023,18,2,1,,Jacob Fortman & Rebecca Quintana,Fostering collaborative and embodied learning
2023,18,2,3,,Wen Huang & Candace Walkington & Mitchell J. Nathan,Coordinating modalities of mathematical collaboration in shared VR environments
2023,18,2,5,,Xintian Tu & Joshua Danish & Megan Humburg & Mengxi Zhou & Nitasha Mathayas & Noel Enyedy,Understanding young children’s science learning through embodied communication within an MR environment
2023,18,2,7,,Heather Toomey Zimmerman & Susan M. Land & Lillyanna Faimon & Yu‑Chen Chiu,Mobile augmented reality supporting families’ immersive collaborative learning: Learning‑on‑the‑move for place‑based geoscience sense‑making
2023,18,3,1,,Carolyn P. Rosé & Sanna Järvelä,Enhancing student learning and achievement through orchestration of group processes and group composition
2023,18,3,2,,Georgios Psathas & Stergios Tegos & Stavros N. Demetriadis & Thrasyvoulos Tsiatsos,"Exploring the impact of chat‑based collaborative activities and SRL‑focused interventions on students’ self‑regulation profiles, participation in collaborative activities, retention, and learning in MOOCs"
2023,18,4,1,,Sanna Järvelä & Carolyn P. Rosé,Reflecting on what counts as collaboration: Reaching forward without losing what is behind
2023,18,4,3,,Jiun‑Wei Guo & Hsiao‑Ching She & Meng‑Jun Chen & Pei‑Yi Tsai,Can CPS better prepare 8th graders for problem‑solving in electromagnetism and bridging the gap between high‑ and low‑achievers than IPS?
2023,18,4,4,,Natalia Reich‑Stiebert & Jennifer Raimann & Stefan Stürmer,The role of first‑language heterogeneity in the acquisition of online interaction self‑efficacy in CSCL
2023,18,4,6,,Reet Kasepalu & Pankaj Chejara & Luis P. Prieto & Tobias Ley,Studying teacher withitness in the wild: comparing a mirroring and an alerting & guiding dashboard for collaborative learning
2023,18,4,7,,Ulrike Cress & the public. They are gladly,Co‑constructing knowledge with generative AI tools: Reflections from a CSCL perspective
2024,19,1,1,,Michael J. Baker & Peter Reimann,CSCL has come of age
2024,19,1,2,,Kenneth Silseth & Rolf Steier & Hans Christian Arnseth By adopting a situated,Exploring students’ immersive VR experiences as resources for collaborative meaning making and learning
2024,19,1,3,,Anna Keune,Learning within fiber‑crafted algorithms: Posthumanist perspectives for capturing human‑material collaboration
2024,19,2,0,editorial,Michael Baker & Peter Reimann,Editorial notes: on dialogues and sequences
2024,19,2,1,,Benzi Slakmon & Rotem Abdu,Learning to notice collaboration: examining the impact of professional development on mathematics teachers’ enhanced awareness in CSCL settings
2024,19,2,2,,Charlotte Beal & Rolf Steier,Dialogues across time and space in a video‑based collaborative learning environment
2024,19,2,3,,Lisa Paneth & Loris T. Jeitziner & Oliver Rack & Klaus Opwis & Carmen Zahn,Zooming in: The role of nonverbal behavior in sensing the quality of collaborative group engagement
2024,19,3,1,,Michael Baker & Peter Reimann,CSCL: a learning and collaboration science?
2024,19,3,2,,Sini Davies & Pirita Seitamaa‑Hakkarainen & Kai Hakkarainen,Knowledge creation through maker practices and the role of teacher and peer support in collaborative invention projects
2024,19,3,3,,Bo Yang In online learning at scale,Combining Danmaku and Discussion Boards: Toward A Scalable and Sociable Environment for Mass Collaboration in MOOCs
2024,19,3,4,,Laura Brandl & Matthias Stadler & Constanze Richters & Anika Radkowitsch & Martin R. Fischer & Ralf Schmidmaier & Frank Fischer,Collaborative Problem‑Solving in Knowledge‑Rich Domains: A Multi‑Study Structural Equation Model
2024,19,3,5,,Andrew Zamecnik & Georg Grossmann & Djazia Ladjal & Abelardo Pardo,The perceptions of task cohesion in collaborative learning teams
2024,19,4,0,editorial,Michael Baker & Peter Reimann,Editorial Notes: Revitalising foundational concepts
2024,19,4,1,,Anders I. Mørch & Renate Andersen & Siv Eie & Louise Mifsud,Emergent group understanding: Investigating intersubjectivity in sociotechnical interdependencies
2025,20,1,0,editorial,Michael Baker & Peter Reimann,Editorial notes: Unity in diversity at the CSCL crossroads
2025,20,1,2,,Ramy Elmoazen & Mohammed Saqr & Laura Hirsto & Matti Tedre,Capturing temporal pathways of collaborative roles: A multilayered analytical approach using community of inquiry
2025,20,1,4,,Sebastian Strauß & Isis Tunnigkeit & Julia Eberle & Arlind Avdullahu & Nikol Rummel,Comparing the effects of a collaboration script and collaborative reflection on promoting knowledge about good collaboration and effective interaction
2025,20,1,5,,Morgan M. Fong & David DeLiema & Virginia J. Flood & Oia Walker-van Aalst,Correction: Contesting sociocomputational norms: computer programming instructors and students’ stancetaking around refactoring
2025,20,1,6,,Laura Brandl & Matthias Stadler & Constanze Richters & Anika Radkowitsch & Martin R. Fischer & Ralf Schmidmaier & Frank Fischer,Correction: Collaborative Problem‑Solving in Knowledge‑Rich Domains: A Multi‑Study Structural Equation Model
2025,20,2,0,editorial,Michael Baker & Peter Reimann,Editorial notes: Core issues in CSCL research
2025,20,2,1,,Kateryna Zabolotna & Liv Nøhr & Megumi Iwata & Daniel Spikol & Jonna Malmberg & Hanna Järvenoja,How does collaborative task design shape collaborative knowledge construction and group‑level regulation of learning? A study of secondary school students’ interactions in two varied tasks
2025,20,2,2,,Charlott Sellberg & Amit Sharma,Toward multimodal learning analytics in simulation‑based collaborative learning: A design ethnography of maritime training
2025,20,2,4,,Jinzhi Zhou & Cindy E. Hmelo‑Silver & Zach Ryan & Christina Stiso & Danielle Murphy & Joshua Danish & Clark A. Chinn & Ravit Golan Duncan,Disagreeing softly: Supporting students in managing disagreement in peer critique
2025,20,2,5,,Jauwairia Nasir & Aditi Kothiyal & Barbara Bruno & Pierre Dillenbourg,Correction to: Many are the ways to learn: Identifying multi‑modal behavioral profiles of collaborative learning in constructivist activities
2025,20,2,6,,Fan Ouyang & Weiqi Xu & Mutlu Cukurova,Correction: An artificial intelligence‑driven learning analytics method to examine the collaborative problem‑solving process from the complex adaptive systems perspective
2025,20,3,0,editorial,Michael Baker & Peter Reimann,Editorial notes: Extending perennial topics in CSCL
2025,20,3,1,,Pengjin Wang & Fan Chen & Deliang Wang & Gaowei Chen,Enhancing students’ dialogic reflection through classroom discourse visualisation
2025,20,3,2,,Lucas Paulsen & Jacob Davidsen,Activity‑based collaborative virtual reality: Conceptualising immersive virtual reality for collaborative learning
2025,20,3,3,,Loris T. Jeitziner & Lisa Paneth & Oliver Rack & Susanne Bleisch & Carmen Zahn,Measuring the quality of collaborative group engagement: Development and validation of the QCGE self‑assessment scale (QCGE‑SAS)
2025,20,3,4,,Aaron J. Peltoniemi & Joni Lämsä & Sami Lehesvuori,Understanding the role of I‑positions facilitating knowledge construction in a computer‑supported collaborative learning environment
2025,20,4,0,editorial,Peter Reimann & Michael J. Baker,Editorial notes: Mechanisms as a unifying construct for CSCL research
2025,20,4,1,,Shihui Feng & Ziyi Wei,The CoMPAS Framework for Modeling Individual Participation in Collaborative Learning Processes: a Systematic Review
2025,20,4,2,,Alena Seredko,Accomplishing collaboration at scale: How professionals jointly frame problems on Stack Overflow
2025,20,4,3,,Shigen Shimojo & Yugo Hayashi,Age‑related differences in explanatory activities during collaborative learning with concept maps: experimental investigation using epistemic network analysis
2025,20,4,4,,Changhao Liang & Yuko Toyokawa & Hiroaki Ogata,Optimizing group formation with a mixed genetic algorithm: an empirical study in active reading using marker data
2025,20,4,5,,Azzeddine Benabbou & Catherine Pons,Collaboration in virtual and remote laboratories for education: A systematic literature review
2026,21,1,0,editorial,Michael J. Baker & Peter Reimann,"Editorial notes: Collaboration, feedback and dynamics"
2026,21,1,4,,Tatiana Íñiguez‑Berrozpe & Carmen Elboj‑Saso & Francesco Marcaletti & adolescents are exposed. Objective,Learning to deal with hate speech: An online collective intelligence experiment on the Collective Learning platform
2026,21,1,5,,Yifat Ben‑David Kolikant & Omri Hadar & Asaf Salman,Talk to the machine: Unleashing the potential of AI to scale dialogic education and reduce polarization
2026,21,2,0,editorial,Michael J. Baker & Peter Reimann,Editorial Notes: the CSCL universe is still expanding
2026,21,2,1,,Taehyun Kim & Mike Tissenbaum,Understanding when anger becomes productive or destructive in collaborative educational games
2026,21,2,2,,Xinran Zhu & Bodong Chen & David DeLiema,Advancing collaborative discourse through knowledge synthesis
2026,21,2,3,,Mohammed Saqr & Sonsoles López‑Pernas & Tiina Törmänen,A temporal network approach to reveal the longitudinal dynamics of CSCL group regulation and productive collaboration
2026,21,2,4,,Mohammed Saqr & Sonsoles López‑Pernas,Correction: A temporal network approach to reveal the longitudinal dynamics of CSCL group regulation and productive collaboration
