volume,issue,article_number,title,authors,category,ollama_summary,claude_summary
1,1,0,ijCSCL—a journal for research in CSCL,Gerry Stahl & Friedrich Hesse,e,,
1,1,1,"The CSCL community in its ﬁrst decade: development, continuity, connectivity",Andrea Kienle & Martin Wessner,e,,
1,1,2,"A relational, indirect, meso-level approach to CSCL design in the next decade",Chris Jones & Lone Dirckinck<Holmfeld & Berner Lindstro¨m,a,,
1,1,3,Students assessing their own collaborative knowledge building,Eddy Y.C. Lee & Carol K.K. Chan & Jan van Aalst,d,,
1,1,4,Situating CoWeb: a scholarship of application,Jochen Rick & Mark Guzdial,e,,
1,1,5,R-U-Typing-2-Me? Evolving a chat tool to increase understanding in learning activities,Hugo Fuks & Mariano Pimentel & Carlos Jose´ Pereira de Lucena,b,,
1,1,6,A dialogic understanding of the relationship between CSCL and teaching thinking skills,Rupert Wegerif,c,,
1,2,0,"Building knowledge in the classroom, building knowledge in the CSCL community",Gerry Stahl & Friedrich Hesse,e,,
1,2,1,Approaching institutional contexts: Systemic versus dialogic research in CSCL,Hans Christian Arnseth & Sten Ludvigsen,e,,
1,2,2,Collaborative knowledge building using the Design Principles Database,Yael Kali,b,,
1,2,3,Co-reﬂection in online learning: Collaborative critical thinking as narrative,Joyce Yukawa,c,,
1,2,4,Knowledge-building activity structures in Japanese elementary science pedagogy,Jun Oshima & Ritsuko Oshima & Isao Murayama & Shigenori Inagaki & Makiko Takenaka & Tomokazu Yamamoto & Etsuji Yamaguchi & Hayashi Nakayama,a,,
1,2,5,"Supporting synchronous collaborative learning: A generic, multi-dimensional model",Jacques Lonchamp,b,,
1,2,6,ERRATUM Students assessing their own collaborative knowledge building,Eddy Y.C. Lee & Carol K.K. Chan & Jan van Aalst,e,,
1,3,0,EDITORIAL Focusing on participation in group meaning making,Gerry Stahl & Friedrich Hesse,e,,
1,3,1,Technology affordances for intersubjective meaning making: A research agenda for CSCL Daniel D. Suthers,making: A research agenda for CSCL Daniel D. Suthers,b,,
1,3,2,The affordance of anchored discussion for the collaborative processing of academic texts,J. van der Pol & W. Admiraal & P.R.J. Simons,c,,
1,3,3,Code talk: Student discourse and participation with networked handhelds,Tobin White,c,,
1,3,4,,Alejandra Martínez · Yannis Dimitriadis · Eduardo Gómez-Sánchez· Bartolomé Rubia-Avi · Iván Jorrín-Abellán · Jose A. Marcos,c,,
1,4,0,Social practices of,Gerry Stahl & Friedrich Hesse,e,,
1,4,1,From dialogue to monologue and back: Middle spaces in computer-mediated learning,Noel Enyedy & Christopher M. Hoadley,c,,
1,4,2,Knowledge building in mathematics: Supporting collaborative learning in pattern problems,Joan Moss & Ruth Beatty,b,,
1,4,3,Electronic [re]constitution of groups: Group dynamics from face-to-face to an online setting,Lynn Clouder & Jayne Dalley & Julian Hargreaves & Sally Parkes & Julie Sellars & Jane Toms,c,,
1,4,4,Consistent practices in artifact-mediated collaboration,Nathan Dwyer & Daniel D. Suthers,a,,
2,1,0,Welcome to the future: ijCSCL volume 2,Gerry Stahl & Friedrich Hesse,e,,
2,1,1,"Community-based learning: The core competency of residential, research-based universities",Gerhard Fischer & Markus Rohde & Volker Wulf,e,,
2,1,2,Patterns as a paradigm for theory in community-based learning,John M. Carroll & Umer Farooq,e,,
2,1,3,A rating scheme for assessing the quality of computer-supported collaboration processes,Anne Meier & Hans Spada & Nikol Rummel,d,,
2,1,4,Investigating patterns of interaction in networked learning and,Maarten de Laat & Vic Lally & Lasse Lipponen & Robert-Jan Simons,c,,
2,1,5,Barriers to online critical discourse,Liam Rourke & Heather Kanuka,c,,
2,2,0,A double issue for CSCL 2007,Gerry Stahl & Daniel D. Suthers & Friedrich Hesse,e,,
2,2,1,Contextual perspective in analysing collaborative knowledge construction of two small groups in web-based discussion,Maarit Arvaja,c,,
2,2,2,Supporting collaborative learning and problem-solving in a constraint-based CSCL environment for UML class diagrams,Nilufar Baghaei & Antonija Mitrovic & Warwick Irwin,b,,
2,2,3,Dealing with multiple documents on the WWW: The role of metacognition in the formation of documents models,Marc Stadtler & Rainer Bromme,c,,
2,2,4,Specifying computer-supported collaboration scripts,Lars Kobbe & Armin Weinberger & Pierre Dillenbourg & Andreas Harrer & Raija Hämäläinen & Päivi Häkkinen & Frank Fischer,a,,
2,2,5,Scripting by assigning roles: Does it improve knowledge construction in asynchronous discussion groups?,Tammy Schellens & Hilde Van Keer & Bram De Wever & Martin Valcke,b,,
2,2,6,Using graphical tools in a phased activity for enhancing dialogical skills: An example with Digalo,Nathalie Muller Mirza & Valérie Tartas & Anne-Nelly Perret-Clermont & Jean-François de Pietro,b,,
2,2,7,How do argumentation diagrams compare when student pairs use them as a means for debate or as a tool for representing debate?,Kristine Lund & Gaëlle Molinari & Arnauld Séjourné & Michael Baker,c,,
2,2,8,Argumentation in a changing world,Baruch B. Schwarz & Reuma De Groot,a,,
2,2,9,Rainbow: A framework for analysing computer-mediated pedagogical debates,Michael Baker & Jerry Andriessen & Kristine Lund & Marie van Amelsvoort & Matthieu Quignard,c,,
2,4,0,CSCL and its flash themes,Gerry Stahl,e,,
2,4,1,Using activity-oriented design methods to study collaborative knowledge-building in e-learning courses within higher education,Christine Greenhow & Brad Belbas,a,,
2,4,2,Future technology workshop: A collaborative method for the design of new learning technologies and activities,Giasemi N. Vavoula & Mike Sharples,b,,
2,4,3,Facilitating argumentative knowledge construction with computer-supported collaboration scripts,Karsten Stegmann & Armin Weinberger & Frank Fischer,a,,
2,4,4,The role of floor control and of ontology in argumentative activities with discussion-based tools,Baruch B. Schwarz & Amnon Glassner,c,,
2,4,5,Putting the pieces together: Online argumentation vee diagrams enhance thinking during discussions,E. Michael Nussbaum & Denise L. Winsor & Yvette M. Aqui & Anne M. Poliquin,c,,
3,1,0,The many levels of CSCL,Gerry Stahl & Friedrich Hesse,e,,
3,1,1,The mechanics of CSCL macro scripts,Pierre Dillenbourg & Fabrice Hong,b,,
3,1,2,What does it mean? Students’ procedural and conceptual problem solving in a CSCL environment designed within the field of science education,Ingeborg Krange & Sten Ludvigsen,c,,
3,1,3,A Community of Practice among tutors enabling student participation in a seminar preparation,Bernhard Nett,c,,
3,1,4,The need for considering multilevel analysis in CSCL research—An appeal for the use of more advanced statistical methods,Ulrike Cress,e,,
3,1,5,Group awareness and self-presentation in computer-supported information exchange,Joachim Kimmerle & Ulrike Cress,c,,
3,2,0,The strength of the lone wolf,Gerry Stahl,e,,
3,2,1,A systemic and cognitive view on collaborative knowledge building with wikis,Ulrike Cress & Joachim Kimmerle,b,,
3,2,2,Supporting controversial CSCL discussions with augmented group awareness tools,Jürgen Buder & Daniel Bodemer,b,,
3,2,3,Annotations and the collaborative digital library: Effects of an aligned annotation interface on student argumentation and reading strategies,Joanna Wolfe,c,,
3,2,4,Appropriation of a shared workspace: Organizing principles and their application,Maarten Overdijk & Wouter van Diggelen,c,,
3,2,5,Operationalizing macro-scripts in CSCL technological settings,Pierre Tchounikine,c,,
3,3,0,Explorations of participation in discourse,Gerry Stahl & Friedrich Hesse,e,,
3,3,1,Analyzing collaborative learning processes automatically: Exploiting the advances of computational linguistics in,Carolyn Rosé & Yi-Chia Wang & Yue Cui & Jaime Arguello & Karsten Stegmann & Armin Weinberger & Frank Fischer,c,,
3,3,2,Context-oriented communication and the design of computer-supported discursive learning,Thomas Herrmann & Andrea Kienle,b,,
3,3,3,Cultural practices in networked classroom learning environments,Nancy Ares,c,,
3,3,4,The effect of a script and a structured interface in grounding discussions,Judith Schoonenboom,c,,
3,3,5,Supporting students’ participation in authentic proof activities in computer supported collaborative learning (CSCL) environments Diler Öner,activities in computer supported collaborative learning (CSCL) environments Diler Öner,a,,
3,3,6,Book review: Exploring thinking as communicating in CSCL,Anna Sfard,e,,
3,4,0,CSCL practices,Gerry Stahl & Friedrich Hesse,e,,
3,4,1,Leveraging online communities in fostering adaptive schools,David Hung & Kenneth Y. T. Lim & Der-Thanq Victor Chen & Thiam Seng Koh,b,,
3,4,2,The right tool for the wrong task? Match and mismatch between first and second stimulus in double stimulation,Andreas Lund & Ingvill Rasmussen,c,,
3,4,3,Exploring embedded guidance and self-efficacy in educational multi-user virtual environments,Brian C. Nelson & Diane Jass Ketelhut,b,,
3,4,4,Alternative goal structures for computer game-based learning,Fengfeng Ke,b,,
3,4,5,Automatic coding of dialogue acts in collaboration protocols,Gijsbert Erkens & Jeroen Janssen,c,,
4,1,0,Yes we can!,Gerry Stahl,e,,
4,1,1,The pedagogical challenges to collaborative technologies,Diana Laurillard,e,,
4,1,2,Productive failure in CSCL groups,Manu Kapur & Charles K. Kinzer,c,"This study investigated the productive failure hypothesis, which suggests that students who experience failure while working on ill-structured problems in a collaborative learning environment may outperform their peers who worked on well-structured problems. The researchers randomly assigned 177 11th-grade science students to either an ill-structured problem-solving condition or a well-structured problem-solving condition and found that the students in the ill-structured condition performed significantly better on both the well-structured and ill-structured posttests, demonstrating confirmatory evidence for the productive failure hypothesis.",
4,1,3,A connective ethnography of peer knowledge sharing and diffusion in a tween virtual world,Deborah A. Fields & Yasmin B. Kafai,c,,
4,1,4,Learning to collaborate while being scripted or by observing a model,Nikol Rummel & Hans Spada & Sabine Hauser,c,,
4,1,5,The power of natural frameworks: Technology and the question of agency in CSCL settings,Annika Lantz-Andersson,c,,
4,2,0,Practice perspectives in CSCL,Gerry Stahl & Friedrich Hesse,e,,
4,2,1,The joint organization of interaction within a multimodal CSCL medium,Murat Perit Çakır & Alan Zemel & Gerry Stahl,c,,
4,2,2,Affordances revisited: Articulating a Merleau-Pontian view,Nina Bonderup Dohn,e,,
4,2,3,Genre and CSCL: The form and rhetoric of the online posting,Norm Friesen,c,,
4,2,4,Exploring metaskills of knowledge-creating inquiry in higher education,Hanni Muukkonen & Minna Lakkala,c,,
4,2,5,A knowledge-practice perspective on technology-mediated learning,Kai Hakkarainen,b,,
4,3,0,Classical dialogs in CSCL,Gerry Stahl & Friedrich Hesse,e,,
4,3,1,Time is precious: Variable- and event-centred approaches to process analysis in CSCL research,Peter Reimann,c,,
4,3,2,"Distinguishing knowledge-sharing, knowledge- construction, and knowledge-creation discourses Jan van Aalst","construction, and knowledge-creation discourses Jan van Aalst",c,,
4,3,3,A three-level analysis of collaborative learning in dual-interaction spaces,Jacques Lonchamp,c,,
4,3,4,Collaborative corrections with spelling control: Digital resources and peer assistance,Asta Cekaite,b,,
4,3,5,Web 2.0: Inherent tensions and evident challenges for education,Nina Bonderup Dohn,e,,
4,4,0,Paradigms of shared knowledge,Gerry Stahl & Friedrich Hesse,e,,
4,4,1,Wikis to support the “collaborative” part of collaborative learning,Johann Ari Larusson & Richard Alterman,a,,
4,4,2,Earth science learning in SMALLab: A design experiment for mixed reality,David Birchfield & Colleen Megowan-Romanowicz,b,,
4,4,3,Contrasting the use of tools for presentation and critique: Some cases from architectural education,Gustav Lymer & Jonas Ivarsson & Oskar Lindwall,c,,
4,4,4,An ontology engineering approach to the realization of theory-driven group formation,Seiji Isotani & Akiko Inaba & Mitsuru Ikeda & Riichiro Mizoguchi,a,,
5,1,0,The CSCL field matures,Gerry Stahl & Friedrich Hesse,e,,
5,1,1,"A framework for conceptualizing, representing, and analyzing distributed interaction",Daniel D. Suthers & Nathan Dwyer & Richard Medina & Ravi Vatrapu,c,,
5,1,2,Computer-supported argumentation: A review of the state of the art,Oliver Scheuer & Frank Loll & Niels Pinkwart & Bruce M. McLaren,e,,
5,1,3,Exploring whether students’ use of labelling depends upon the type of activity,Eva Mary Bures & Philip C. Abrami & Richard F. Schmid,c,,
5,1,4,Toward a dialectic relation between the results in CSCL: Three critical methodological aspects of content analysis schemes,Marc Clarà & Teresa Mauri,c,,
5,2,0,A prism of CSCL research,Gerry Stahl & Friedrich Hesse,e,,
5,2,1,Mr. Vetro: A Collective Simulation for teaching health science,Andri Ioannidou & Alexander Repenning & David Webb & Diane Keyser & Lisa Luhn & Christof Daetwyler,b,,
5,2,2,Animation and grammar in science education: Learners’ construal of animated educational software Göran Karlsson,construal of animated educational software Göran Karlsson,b,,
5,2,3,Scripting a distance-learning university course: Do students benefit from net-based scripted collaboration?,Joerg M. Haake & Hans-Rüdiger Pfister,b,,
5,2,4,Distributed leadership in online groups,Julia Gressick & Sharon J. Derry,c,,
5,2,5,Promoting metacognitive skills through peer scaffolding in a CSCL environment,Manoli Pifarre & Ruth Cobos,c,,
5,3,0,Guiding group cognition in CSCL,Gerry Stahl,e,,
5,3,1,Online moderation of synchronous e-argumentation,Christa S. C. Asterhan & Baruch B. Schwarz,c,,
5,3,2,Scaffolding problem-based learning with CSCL tools,Jingyan Lu & Susanne P. Lajoie & Jeffrey Wiseman,b,,
5,3,3,How digital concept maps about the collaborators’ knowledge and information influence computer-supported collaborative problem solving,Tanja Engelmann & Friedrich W. Hesse,b,,
5,3,4,S-COL: A Copernican turn for the development of flexibly reusable collaboration scripts,Christof Wecker & Karsten Stegmann & Florian Bernstein & Michael J. Huber & Georg Kalus & Ingo Kollar & Sabine Rathmayer & Frank Fischer,a,,
5,3,5,Revealing preconditions for trustful collaboration in CSCL,Anne Gerdes,c,,
5,4,0,Beyond folk theories of CSCL,Gerry Stahl & Friedrich Hesse,e,,
5,4,1,Can the interactive whiteboard support young children’s collaborative communication and thinking in classroom science activities?,Ruth Kershner & Neil Mercer & Paul Warwick & Judith Kleine Staarman,b,,
5,4,2,Sharing and cultivating tacit knowledge in an online learning environment,Meng Yew Tee & Dennis Karney,c,,
5,4,3,Using activity theory to understand intergenerational play: The case of Family Quest,Sinem Siyahhan & Sasha A. Barab & Michael P. Downton,c,,
5,4,4,The collaborative construction of chronotopes during computer-supported collaborative professional tasks,Maria Beatrice Ligorio & Giuseppe Ritella,c,,
6,1,0,CSCL in Asia,Gerry Stahl & Friedrich Hesse,e,,
6,1,1,"The Singapore experience: Synergy of national policy, classroom practice and design research",Chee-Kit Looi & Hyo-Jeong So & Yancy Toh & Wenli Chen,e,,
6,1,2,Temporality matters: Advancing a method for analyzing problem-solving processes in a computer-supported collaborative environment,Manu Kapur,c,,
6,1,3,Learning the physics of electricity: A qualitative analysis of collaborative processes involved in productive failure,Suneeta A. Pathak & Beaumie Kim & Michael J. Jacobson & Baohui Zhang,c,,
6,1,4,Exploring e-learners’ perceptions of net-based peer-reviewed English writing Zi-gang Ge,peer-reviewed English writing Zi-gang Ge,c,,
6,1,5,The logic of wikis: The possibilities of the Web 2.0 classroom,Michael Glassman & Min Ju Kang,b,,
6,1,6,Perspective taking and synchronous argumentation for learning the day/night cycle,Baruch B. Schwarz & Yaron Schur & Haim Pensso & Naama Tayer,c,,
6,2,0,Let a hundred flowers bloom; let a hundred schools of thought contend,Gerry Stahl & Friedrich Hesse,e,,
6,2,1,Bridging research and practice: Implementing and sustaining knowledge building in Hong Kong classrooms Carol K. K. Chan,and sustaining knowledge building in Hong Kong classrooms Carol K. K. Chan,e,,
6,2,2,Wiki-supported collaborative learning in primary education: How a dialogic space is created for thinking together,Manoli Pifarré & Judith Kleine Staarman,c,,
6,2,3,An information processing perspective on divergence and convergence in collaborative learning Robert L. Jorczak,and convergence in collaborative learning Robert L. Jorczak,c,,
6,2,4,Comparing the effects of representational tools in collaborative and individual inquiry learning,Bas Kolloffel & Tessa H. S. Eysink & Ton de Jong,b,,
6,2,5,"A multimodal approach to coding discourse: Collaboration, distributed cognition, and geometric reasoning",Michael A. Evans & Eliot Feenstra & Emily Ryon & David McNeill,c,,
6,2,6,Designing automated adaptive support to improve student helping behaviors in a peer tutoring activity,Erin Walker & Nikol Rummel & Kenneth R. Koedinger,b,,
6,2,7,CSCL for intellectually disabled pupils: Stimulating interaction by using a floor control mechanism,Ulrike Cress & Katrin Wodzicki & Martina Bientzle & Andreas Lingnau,c,,
6,3,0,Tweets from #cscl2011,Gerry Stahl & Friedrich W. Hesse & Nancy Law,e,,
6,3,1,Student use of Facebook for organizing collaborative classroom activities,Cliff Lampe & Donghee Yvette Wohn & Jessica Vitak & Nicole B. Ellison & Rick Wash,b,,
6,3,2,Identity presence and knowledge building: Joint emergence in online learning environments?,Fengfeng Ke & Alicia F. Chávez & Pei-Ni L. Causarano & Antonio Causarano,c,,
6,3,3,Agent-based dynamic support for learning from collaborative brainstorming in scientific inquiry,Hao-Chuan Wang & Carolyn P. Rosé & Chun-Yen Chang,b,,
6,3,4,Scaffolding collaborative technical writing with procedural facilitation and synchronous discussion,Shiou-Wen Yeh & Jia-Jiunn Lo & Jeng-Jia Huang,b,,
6,3,5,Are two heads always better than one? Differential effects of collaboration on students’ computer-supported learning in mathematics,Dejana Mullins & Nikol Rummel & Hans Spada,a,,
6,3,6,Analyzing temporal patterns of knowledge construction in a role-based online discussion,Alyssa Friend Wise & Ming Ming Chiu,c,,
6,3,7,The impact of scripted roles on online collaborative learning processes,Francesca Pozzi,c,,
6,4,0,Collaborating around the tabletop,Gerry Stahl,e,,
6,4,1,Interactive tabletops in education,Pierre Dillenbourg & Michael Evans,b,,
6,4,2,Multi-touch tables and the relationship with collaborative classroom pedagogies: A synthetic review,Steven E. Higgins & Emma Mercier & Elizabeth Burd & Andrew Hatch,b,,
6,4,3,Interfering and resolving: How tabletop interaction facilitates co-construction of argumentative knowledge,Taciana Pontual Falcão & Sara Price,c,,
6,4,4,Collaboration within large groups in the classroom,Eyal Szewkis & Miguel Nussbaum & Tal Rosen & Jose Abalos & Fernanda Denardin & Daniela Caballero & Arturo Tagle & Cristian Alcoholado,c,,
6,4,5,Guided reciprocal questioning to support children’s collaborative storytelling,Giulia Gelmini-Hornsby & Shaaron Ainsworth & Claire O’Malley,c,,
6,4,6,Scaffolding of small groups’ metacognitive activities with an avatar,Inge Molenaar & Ming Ming Chiu & Peter Sleegers & Carla van Boxtel,b,,
6,4,7,"Building a community among teachers, researchers and university students. A blended approach to training",Donatella Cesareni & Francesca Martini & Ilaria Mancini,b,,
7,1,0,Ethnomethodologically informed,"Gerry Stahl The research field of CSCL is , or at least ethnomethodo- logically influenced. This has not always been the case, although there is a logic to this growing tendency. Ethnomethodology (EM) is an approach to conducting research in the human sciences founded by Harold Garfinkel (1917–2011) and largely defined by his Studies in Ethnomethod- ology (Garfinkel 1967; Garfinkel & Rawls 2012).1 EM addresses the ‘methods’ that people within a given linguistic community use to establish and maintain intersubjective understanding. Since CSCL can be characterized as being focused on joint meaning making,2 the analysis of prevalent meaning-making methods seems particularly relevant to the methodological quanda- ries of CSCL research. Ethnomethodology has been slow to catch on in CSCL, in contrast to its role in allied fields like CSCW, where it seems to be a dominant research paradigm (e.g., see Crabtree 2003). There are a number of theoretical and historical reasons for this. For instance, as discussed below, practitioners of EM eschew research questions and theoretical framings because these could obscure the meaning-making perspective of the people whose inter- actions are under investigation. This injunction against guiding theory makes it difficult to integrate EM studies into the educational and design agendas of CSCL investigators. In addition, the case-study approach of EM to analyzing naturally occurring events is at odds with the traditional emphasis in educational and psychological research on controlled experiments and statistical generalizations. On the other hand, there are strong arguments for viewing the ethnomethodological approach as especially appropriate for analyzing",e,,
7,1,1,Making rounds: The routine work of the teacher during collaborative learning with computers,Christian Greiffenhagen,c,,
7,1,2,How gamers manage aggression: Situating skills in collaborative computer games,Ulrika Bennerstedt & Jonas Ivarsson & Jonas Linderoth,c,,
7,1,3,The multivoicedness of game play: Exploring the unfolding of a student’s learning trajectory in a gaming context at school,Kenneth Silseth,c,,
7,1,4,Personal and shared experiences as resources for meaning making in a philosophy of science course,Maarit Arvaja,c,,
7,1,5,Collaboration amidst disagreement and moral judgment: The dynamics of Jewish and Arab students’ collaborative inquiry of their joint past,Sarah Pollack & Yifat Ben-David Kolikant,c,,
7,1,6,"Linking teacher beliefs, practices and student inquiry-based learning in a CSCL environment: A tale of two teachers",Yangjie Song & Chee-Kit Looi,c,,
7,1,7,The role of teacher assistance on the effects of a macro-script in collaborative writing tasks,Javier Onrubia & Anna Engel,c,,
7,2,0,Cognizing mediating: Unpacking the entanglement of artifacts with collective minds,Gerry Stahl,e,,
7,2,1,Connecting agents and artifacts in CSCL: Towards a rationale of mutual shaping,Maarten Overdijk & Wouter van Diggelen & Paul A. Kirschner & Michael Baker,b,,
7,2,2,An instrumental perspective on CSCL systems,Jacques Lonchamp,c,,
7,2,3,Instrumental genesis in technology-mediated learning: From double stimulation to expansive knowledge practices,Giuseppe Ritella & Kai Hakkarainen,c,,
7,2,4,How to improve collaborative learning with video tools in the classroom? Social vs. cognitive guidance for student teams,Carmen Zahn & Karsten Krauskopf & Friedrich W. Hesse & Roy Pea,b,,
7,2,5,The ACODEA framework: Developing segmentation and classification schemes for fully automatic analysis of online discussions,Jin Mu & Karsten Stegmann & Elijah Mayfield & Carolyn Rosé & Frank Fischer,c,,
7,2,6,Scripted collaborative learning with the cognitive tutor algebra,Nikol Rummel & Dejana Mullins & Hans Spada,b,,
7,3,0,An international research community,Gerry Stahl & Nancy Law & Friedrich Hesse,e,,
7,3,1,Learning physics through play in an augmented reality environment,Noel Enyedy & Joshua A. Danish & Girlie Delacruz & Melissa Kumar,b,,
7,3,2,Context matters: The value of analyzing human factors within educational contexts as a way of informing technology-related decisions within design research,Kim MacKinnon,b,,
7,3,3,Patterns of kindergarten children’s social interaction with peers in the computer area,Eun Mee Lim,c,,
7,3,4,"Online class size, note reading, note writing and collaborative discourse",Mingzhu Qiu & Jim Hewitt & Clare Brett,c,,
7,3,5,4SPPIces: A case study of factors in a scripted collaborative-learning blended course across spatial locations,Mar Pérez-Sanagustín & Patricia Santos & Davinia Hernández-Leo & Josep Blat,c,,
7,4,0,Traversing planes of learning,Gerry Stahl,e,,
7,4,1,Computational analysis and mapping of ijCSCL content,Jacques Lonchamp,c,,
7,4,2,Interactive visual tools as triggers of collaborative reasoning in entry-level pathology,Markus Nivala & Hans Rystedt & Roger Säljö & Pauliina Kronqvist & Erno Lehtinen,b,,
7,4,3,Using augmented reality and knowledge-building scaffolds to improve learning in a science museum,Susan A. Yoon & Karen Elinich & Joyce Wang & Christopher Steinmeier & Sean Tucker,b,,
7,4,4,Participatory learning through behavioral and cognitive engagements in an online collective information searching activity,Chia-Ching Lin & Chin-Chung Tsai,c,,
7,4,5,A model for flexibly editing CSCL scripts,Péricles Sobreira & Pierre Tchounikine,a,,
8,1,0,Analyzing group coordination when solving geometry problems with dynamic geometry software,Diler Oner,e,,
8,1,1,Learning across levels,Gerry Stahl,c,,
8,1,2,On the bridge to learn: Analysing the social organization of nautical instruction in a ship simulator,Magnus Hontvedt & Hans Christian Arnseth,c,,
8,1,3,Student sensemaking with science diagrams in a computer-based setting,Anniken Furberg & Anders Kluge & Sten Ludvigsen,c,,
8,1,4,Recalibrating reference within a dual-space interaction environment,Alan Zemel & Timothy Koschmann,c,,
8,1,5,Enhancing student knowledge acquisition from online learning conversations,Evren Eryilmaz & Jakko van der Pol & Terry Ryan & Philip Martin Clark & Justin Mary,c,,
8,2,0,Transactive discourse in CSCL,Gerry Stahl,e,,
8,2,1,,Richard Alterman · Johann Ari Larusson,c,,
8,2,2,Facilitating learning in multidisciplinary groups with transactive CSCL scripts,Omid Noroozi & Stephanie D. Teasley & Harm J. A. Biemans & Armin Weinberger & Martin Mulder,a,,
8,2,3,Co-located single display collaborative learning for early childhood education,Florencia Gómez & Miguel Nussbaum & Juan F. Weitz & Ximena Lopez & Javiera Mena & Alex Torres,b,,
8,2,4,Measuring prevalence of other-oriented transactive contributions using an automated measure of speech style accommodation,Gahgene Gweon & Mahaveer Jain & John McDonough & Bhiksha Raj & Carolyn P. Rosé,d,,
8,3,0,Collaborative Learning at CSCL 2013,Gerry Stahl & Nancy Law & Friedrich Hesse,e,,
8,3,1,Vocational education approach: New TEL settings—new prospects for teachers’ instructional activities?,Raija Hämäläinen & Bram De Wever,b,,
8,3,2,Crossing boundaries in Facebook: Students’ framing of language learning activities as extended spaces,Annika Lantz-Andersson & Sylvi Vigmo & Rhonwen Bowen,c,,
8,3,3,Advancing understanding using Nonaka’s model of knowledge creation and problem-based learning,Meng Yew Tee & Shuh Shing Lee,c,,
8,3,4,Inducing socio-cognitive conflict in Finnish and German groups of online learners by CSCL script,Armin Weinberger & Miika Marttunen & Leena Laurinen & Karsten Stegmann,c,,
8,3,5,Dialogical positions as a method of understanding identity trajectories in a collaborative blended university course,M. Beatrice Ligorio & Fedela Feldia Loperfido & Nadia Sansone,c,,
8,4,0,Reigniting CSCL flash themes,Gerry Stahl & Nancy Law & Friedrich Hesse,e,,
8,4,1,Real-time mutual gaze perception enhances collaborative learning and collaboration quality,Bertrand Schneider & Roy Pea,c,,
8,4,2,Social argumentation in online synchronous communication,Esra Alagoz,c,,
8,4,3,Collaborative drawing on a shared digital canvas in elementary science education: The effects of script and task awareness support,Hannie Gijlers & Armin Weinberger & Alieke Mattia van Dijk & Lars Bollen & Wouter van Joolingen,b,,
8,4,4,Capturing and analyzing verbal and physical collaborative learning interactions at an enriched interactive tabletop,Roberto Martinez-Maldonado & Yannis Dimitriadis & Alejandra Martinez-Monés & Judy Kay & Kalina Yacef,c,,
9,1,0,Analyzing the multidimensional construction of knowledge in diverse contexts,Gerry Stahl & Ulrike Cress & Nancy Law & Sten Ludvigsen,e,,
9,1,1,The dialectical potential of Cultural Historical Activity Theory for researching sustainable CSCL practices,Sue Timmis,c,,
9,1,3,Multi-player epistemic games: Guiding the enactment of classroom knowledge-building communities,Katerine Bielaczyc & John Ow,c,,
9,1,4,Explaining authors’ contribution to pivotal artifacts during mass collaboration in the Wikipedia’s knowledge base,Iassen Halatchliyski & Johannes Moskaliuk & Joachim Kimmerle & Ulrike Cress,c,,
9,2,0,Dialogic foundations of CSCL,Gerry Stahl & Ulrike Cress & Sten Ludvigsen & Nancy Law,e,,
9,2,1,PolyCAFe—automatic support for the polyphonic analysis of CSCL chats,Stefan Trausan-Matu & Mihai Dascalu & Traian Rebedea,c,,
9,2,2,Disengaged students and dialogic learning: the role of CSCL affordances,Benzi Slakmon & Baruch B. Schwarz,c,,
9,2,3,Attending to others’ posts in asynchronous discussions: Learners’ online “listening” and its relationship to speaking,Alyssa Friend Wise & Simone Nicole Hausknecht & Yuting Zhao,c,,
9,2,4,Preventing undesirable effects of mutual trust and the development of skepticism in virtual groups by applying the knowledge and information awareness approach,Tanja Engelmann & Richard Kolodziej & Friedrich W. Hesse,c,,
9,3,0,CSCL artifacts,G. Stahl & S. Ludvigsen & N. Law & U. Cress,e,,
9,3,1,The multi-layered nature of small-group learning: Productive interactions in object-oriented collaboration Crina I. Damşa,Productive interactions in object-oriented collaboration Crina I. Damşa,c,,
9,3,2,How to bring a technical artifact into use: A micro-developmental perspective,Maarten Overdijk & Wouter van Diggelen & Jerry Andriessen & Paul A. Kirschner,b,,
9,3,3,An examination of CSCL methodological practices and the influence of theoretical frameworks 2005–2009,Heisawn Jeong & Cindy E. Hmelo-Silver & Yawen Yu,c,,
9,3,4,Contemporary intellectual structure of CSCL research (2006–2013): a co-citation network analysis with an education focus,Kai-Yu Tang & Chin-Chung Tsai & Tzu-Chiang Lin,c,,
9,4,0,Analyzing roles of individuals in small-group collaboration processes,Gerry Stahl & Nancy Law & Ulrike Cress & Sten Ludvigsen,c,,
9,4,1,Toward collaboration sensing,Bertrand Schneider & Roy Pea,c,,
9,4,2,Different leaders: Emergent organizational and intellectual leadership in children’s collaborative learning groups,Emma M. Mercier & Steven E. Higgins & Laura da Costa,c,,
9,4,3,“Newbies” and “Celebrities”: Detecting social roles in an online network of teachers via participation patterns,H. Smith Risser & SueAnn Bottoms,c,,
9,4,4,“I guess my question is”: What is the co-occurrence of uncertainty and learning in computer-mediated discourse?,Michelle E. Jordan & An-Chih Janne Cheng & Diane Schallert & Kwangok Song & SoonAh Lee & Yangjoo Park,c,,
10,1,0,From the editors: Collaboration and the formation of new knowledge artifacts,Sten Ludvigsen & Gerry Stahl & Nancy Law & Ulrike Cress,e,"This article explores the formation and alignment of new knowledge artifacts in collaborative learning contexts, highlighting the interplay between conceptual and material structures. The authors introduce a framework for understanding how artifacts are formed and refined through collaboration, emphasizing the importance of intersubjective meaning-making and the role of artifacts as mediators between individual understanding and community institutions.","Computer-supported collaborative learning fundamentally involves creating and refining knowledge artifacts—physical or virtual objects embodying shared meanings. This editorial examines how collaborative technologies enable students to construct intersubjective understanding through artifacts like augmented-reality environments, texts, visualizations, and networked tools, emphasizing that productive learning emerges from alignment between conceptual resources and material structures during collaborative interaction."
10,1,1,Constructing liminal blends in a collaborative augmented-reality learning environment,Noel Enyedy & Joshua A. Danish & David DeLiema,b,"This study examines how augmented reality (AR) environments support learning through the concept of liminal blends, which are publicly co-constructed conceptual integrations that combine multiple resources from different spaces to produce new inferences. The authors analyze a case study of second-grade students using an AR system to learn about friction and motion, and identify three stages of blending: composition, completion, and elaboration. They argue that the liminal blend framework provides a theory and methodology for understanding how students co-construct meaning from within AR environments, and can inform the design of future AR learning environments.","This study examines how augmented-reality environments support physics learning through ""liminal blends""—conceptual integrations of students' embodied experiences, physical materials, peer contributions, and symbolic representations. Using interaction analysis of second-graders learning about friction, the researchers demonstrate how students blend their bodies, game narratives, material surfaces, and AR symbols to reason about force and motion, revealing cognition as distributed across individuals, materials, and social interaction."
10,1,2,The new information literate: Open collaboration and information production in schools,Andrea Forte,c,"This study examines how high school students assess information sources, particularly when they are products of open collaboration, and how participating in the production of information sources interacts with this understanding. The findings reveal that students use both first-order (adopting known heuristics) and second-order (reflective construction of standards) strategies to assess information sources. Participating in the production of information sources can provide learners with a concrete vantage point from which to consider the information sources they use, promoting collective cognitive responsibility and second-order learning environments.","This qualitative study examined high school students' information assessment practices while contributing to a collaborative online wiki. Through 57 interviews and classroom observations, the researcher identified two information literacy strategies: first-order strategies involving established heuristics for evaluating sources, and second-order strategies involving reflective analysis of how information is produced. Findings reveal that participating in information production enhanced students' understanding of source credibility and fostered individual responsibility for contributing accurate information to public resources."
10,1,3,BWhoa! We’re going deep in the trees!^: Patterns of collaboration around an interactive information visualization exhibit,Pryce Davis & Michael Horn & Florian Block & Brenda Phillips & E. Margaret Evans & Judy Diamond & Chia Shen,c,"This study examines how dyads interact with an interactive tabletop exhibit called DeepTree, which visualizes a phylogenetic tree of life containing over 70,000 species. The researchers identified four distinct patterns of interaction: reactive, autonomous, planning, and contemplative, organized along two dimensions: coordination and target of action. They found that the most common pattern was reactive, characterized by low coordination and mechanical goals, while the least common was contemplative, marked by high coordination and conceptual goals. The study suggests that designers can support learning through each pattern by incorporating features such as gentle guidance, personal objects for independent action, and what-if explorations.","This study analyzed how child dyads collaboratively explored DeepTree, an interactive multi-touch tabletop exhibit visualizing 70,000+ species in a phylogenetic tree. Using qualitative interaction analysis of museum visitors, researchers identified four distinct collaboration patterns organized by coordination level and action target: reactive, autonomous, planning, and contemplative. Results showed that DeepTree supported learning of macroevolutionary concepts like common descent, with design features like the ""fly-through"" mechanic facilitating meaning-making across different interaction patterns."
10,1,4,Appropriation of a representational tool in a second-language classroom,Yun Wen & Chee-Kit Looi & Wenli Chen,c,"This study investigates how small groups of students appropriate a representational tool for facilitating collaborative L2 learning in authentic classrooms. The results indicate that group language proficiency and task design influence the way the representational tool is appropriated, with inscriptional devices playing significant roles in group-understanding development. The findings suggest that the representational tool can facilitate equal participation, empower learners to be aware of their language problems, and serve as resources for the emergence of new ideas/perspectives.","This case study examined how secondary school students appropriated Group Scribbles, a representational tool, during collaborative Chinese-language writing in a networked classroom. Through microanalysis of cross-media interactions between face-to-face and online spaces, researchers identified five functions inscriptional devices served in group-understanding development: referencing, pinpointing, prompting notice, realizing parallels, and promoting synergy. Findings revealed that representational tools supplement face-to-face communication by enabling balanced participation, helping learners notice linguistic problems, and serving as resources for elaborating ideas."
10,2,0,"The core features of CSCL: Social situation, collaborative knowledge processes and their design",Gerry Stahl & Friedrich Hesse,e,,
10,2,1,The impact of hierarchical positions on communities of learning,Martin Rehm & Wim Gijselaers & Mien Segers,c,,
10,2,2,Peer interaction and social network analysis of online communities with the support of awareness of different contexts,Jian-Wei Lin1 & Li-Jung Mai2 & Yung-Cheng Lai1,c,,
10,2,3,Fixed group and opportunistic collaboration in a CSCL environment,Tuya Siqin & Jan van Aalst & Samuel Kai Wah Chu,a,,
10,2,4,,S´ebastien Cuendet1 · Jessica Dehler-Zufferey1 · Giulia Ortoleva2 · Pierre Dillenbourg1,c,,
10,3,0,Conceptualizing the intersubjective group,Gerry Stahl1,e,,
10,3,1,A Habermasian perspective on joint meaning making online: What does it offer and what are the difficulties?,making online: What does it offer and what are the difficulties? Michael Hammond1,c,,
10,3,2,Learning to learn together with CSCL tools,Baruch B. Schwarz1 & Reuma de Groot1 & Manolis Mavrikis2 & Toby Dragon3,b,,
10,3,3,Collaborative group engagement in a computer-supported inquiry learning environment,Suparna Sinha1 & Toni Kempler Rogat2 & Karlyn R. Adams-Wiggins1 & Cindy E. Hmelo-Silver3,c,,
10,3,4,Group-level formative feedback and metadiscourse,Monica Resendes1 & Marlene Scardamalia1 & Carl Bereiter1 & Bodong Chen2 & Cindy Halewood3,c,,
10,4,0,A decade of CSCL,Gerry Stahl1,e,,
10,4,1,Advancing knowledge‐building discourse through judgments of promising ideas,Bodong Chen1 & Marlene Scardamalia2 & Carl Bereiter2,c,,
10,4,2,"Investigating the effects of prompts on argumentation style, consensus and perceived efficacy in collaborative learning",Owen M. Harney1 & Michael J. Hogan1 & Benjamin Broome2 & Tony Hall1 & Cormac Ryan1,c,,
10,4,3,ReaderBench: Automated evaluation of collaboration based on cohesion and dialogism,Mihai Dascalu1 & Stefan Trausan-Matu1 & Danielle S. McNamara2 & Philippe Dessus3,b,,
10,4,4,AMOEBA: Designing for collaboration in computer science classrooms through live learning analytics,Matthew Berland1 & Don Davis2 & Carmen Petrick Smith3,a,,
